6.218858272795076969e-01,-1.008717367824925493e+00
1.345788523207589460e+00,6.080868569622318587e-01
1.016994549807990200e+00,2.345167174525043252e-01
2.838034950998237216e-01,1.084852657917963592e+00
4.102254288864082277e-01,2.769893705063285694e+00
-1.232656742548571049e+00,-5.611679883164953919e-01
1.592885504022061305e+00,9.012855868280065241e-01
1.157733264897449210e+00,3.619466443685341317e-01
-1.078832319201483037e+00,-4.782468871447783654e-01
3.969598560652390917e-01,1.634493720854186316e+00
1.584422152929650940e+00,9.323765046827420244e-01
1.369067781129657879e+00,7.283402620050390963e-01
4.835987878584547817e-01,-1.328266605251657628e+00
6.064782447306836799e-01,3.066106771160614919e-01
5.456697114552986339e-01,-1.341410569716796175e+00
-1.116254049148849736e+00,-1.172917846050808510e+00
-8.190954934534857568e-01,1.384502447387923052e-01
1.446154024775072600e+00,8.674738075500987300e-01
6.020991966001054685e-01,7.192620929672185470e-01
1.243948847293697701e+00,5.082931518876943056e-01
-8.122265815020482949e-01,-4.517411102731070383e-01
-1.445999013294046787e+00,-7.126894009781066242e-01
-3.375250619560000720e-01,2.986117625462247349e-01
1.485478896529788706e+00,7.458952482431171482e-01
-3.150814004177758809e-01,-4.217701016483774157e-01
-1.946352994559513994e-01,2.411720310912281451e-01
1.428440744171198151e+00,7.194599666035508267e-01
-1.026895392603696333e+00,-6.597671657099501985e-01
3.500112243125225731e-01,9.011873127575693587e-01
-1.447301447966095500e+00,-6.699815012706139550e-01
-8.722755299460900336e-01,-1.202719018092995196e+00
3.269260312445043670e-02,8.079777375991881172e-01
-1.237080838770377555e+00,-6.464749693844936695e-01
-1.112601956326473074e+00,-4.674183798268764511e-01
3.177905589684676957e-01,-1.547865474112951834e+00
6.564306429740189852e-01,3.112359686149417382e-01
-1.540583136055468039e+00,-5.578612232791622105e-01
1.346027550298823261e+00,7.395936671397286277e-01
9.625261467710849450e-01,2.312353898894148607e-01
-6.465256677491326709e-01,-1.747068916655173165e+00
2.338709705866492683e-01,6.317765083245463487e-01
-1.297970934109748731e+00,-4.165814999292588028e-01
4.292162597033165328e-02,2.141187276824891406e+00
6.746467389563515216e-01,2.021468575218991592e+00
-6.444001874872249402e-01,3.334446662535780481e-01
-1.066089237384899135e+00,-8.383481503259622158e-01
-1.789937697758832089e-02,-1.172431456178979259e+00
-8.507875210064291815e-01,4.891954511882584677e-02
1.811570378624594024e-01,-1.645185196838786945e+00
-1.637802091637627244e+00,-5.285154785046110026e-01
1.558525462602393885e+00,9.357078617691498845e-01
1.646441358139267286e-01,8.758055656905721076e-01
-1.481932417161087256e+00,-4.983430366361525921e-01
-7.484030740389794323e-01,-1.355908604547560126e+00
1.365461755566150348e+00,5.992676247330926964e-01
-1.277149803300735575e-01,5.590038200847312622e-01
1.247586139141863448e+00,6.317908267359888530e-01
-8.427540184449917593e-01,4.064211132508540048e-01
-5.874850132404417780e-01,-1.325159846476646974e+00
-1.534744771750203407e+00,-4.906867990234949350e-01
2.022506850427150393e-01,1.911504670729796462e+00
1.103592864487520364e+00,4.063515004056367230e-01
9.910222039630106616e-01,9.552668116728141312e-02
-6.576920050085465277e-03,-3.663562168512791040e+00
6.900444341072565768e-01,2.885799285168162975e-01
3.219200819511413014e-01,-1.964228117596905077e-01
-1.129627855573787087e+00,-8.312396692115167074e-01
-7.121277585540253252e-01,-6.082467240019816535e-01
-8.115860422821575826e-01,-2.367998426068521345e-01
-1.576559062950829260e+00,-5.524085767967643612e-01
5.637511767981646660e-01,-6.890717818302802833e-01
-3.131660858464248576e-01,1.008139042324065260e+00
-1.448216887407932196e+00,-3.715578319726181578e-01
1.569484377016667542e+00,9.205860347324453796e-01
1.623264010224115816e+00,9.375880874881401539e-01
-1.303036225874743881e+00,-7.687216390423731172e-01
-1.422060587280722377e-01,-5.300227913562408411e+00
-3.282356998480229771e-01,5.285160229916966435e-01
1.200182534620525709e+00,3.708938470732123793e-01
1.139481103801813083e-01,1.951415154467384117e+00
1.455873043012744783e-01,-2.930744597193810641e+00
-3.492153776499084539e-01,-1.556136365587206694e+00
1.140469135389296840e+00,9.212052366810340454e-01
1.044320389644531000e+00,1.101659144418477287e-01
6.630806740914851893e-01,9.958344957838759226e-02
-3.462449225735514946e-01,3.962664735900859325e-01
-1.115540512022963560e+00,-1.552101681536302291e-01
1.263624987019024815e+00,3.486612526401844381e-01
1.557511421122140804e+00,8.624513342587539766e-01
-5.746695398959342782e-01,3.152236633572492730e-01
-1.133060427330552011e+00,-2.615838938518875723e-01
-8.859295089471226972e-03,-8.387824415351259333e-01
1.137522834631354979e-01,-7.397430167671131818e-01
4.131137402970297967e-01,2.273632369733823988e-01
-9.851173053759925136e-01,-5.399669409263981867e-01
1.087542284705119267e+00,5.913667930841536302e-01
-1.284615388560101490e+00,-4.841111707696855171e-01
-1.483014117537951426e+00,-5.445563441871317245e-01
-7.386098062692331156e-01,-3.881392407984572412e-01
6.475286330278762215e-01,-2.618820178184229519e+00
-1.155600103546451818e+00,-3.139731383690935185e-01
-8.161848599629166826e-03,1.982749266191140114e+00
1.423313285247413518e+00,8.210732183743546519e-01
-5.929899194416221597e-01,-1.360521682089837370e+00
-5.746217941299517351e-01,1.297935618343985631e+00
7.925108294135136955e-01,9.313972066810885173e-03
-1.387218294554852793e+00,-6.520142612013078987e-01
-3.814577952431460472e-01,-1.351089924920223284e+00
-5.267422112266890721e-01,-2.044151558644986544e+00
-1.422779830144510704e+00,-3.326997945210623531e-01
-8.068923346587013601e-01,3.554143198039752538e-01
7.356851749335411306e-01,-1.042825823926929046e-01
-5.902235123852420662e-01,-2.116063198934181155e+00
-5.108399733983423063e-01,2.241986579980147221e-01
-1.574328337284827350e+00,-5.223488300140359808e-01
1.074833952573544860e+00,1.483235912073094687e+00
-1.326007965327128391e+00,-4.781142654556733707e-01
-7.283866858720731141e-01,-9.184080159699656853e-01
6.720144846990813159e-01,-2.090214402804279059e-01
1.377735137323328640e+00,8.301922047064002053e-01
6.058699905033837485e-02,1.872203361303171887e+00
1.012392489305300236e+00,1.279474302226513149e-01
1.394427841888203012e+00,6.839914283906604053e-01
-1.153682890034067210e+00,-1.234433425403833828e+00
-7.741262684361852608e-01,-7.527792130063183373e-01
8.017854292426016549e-01,-3.338147089455150707e-01
8.668248410937247073e-01,2.820688001157388713e-01
3.846787695152842357e-01,1.470855522191908626e+00
-1.668222564928483864e+00,-5.394260471152924064e-01
-1.087143876504592876e+00,-3.858904492782820328e-01
1.590980572729586262e+00,9.177182902656768615e-01
1.145077068623801653e+00,1.141551142711517697e+00
-1.311768302368576444e+00,-5.971464756531972284e-01
1.137583182934807230e-01,-1.534772799721610292e+00
1.523756305911778908e+00,9.363643358314371890e-01
-9.151505097903519514e-01,3.422299096284120434e-01
1.516009032366112952e-01,-1.727340567851436415e+00
1.584516134501733564e+00,9.372051142548383229e-01
-6.251969198440268105e-01,7.723799372794117879e-01
-1.306088364150508330e+00,-5.118029302316338125e-01
-7.915185751233499989e-01,3.251152273213047117e-01
6.412608088607407719e-01,9.247346819092429338e-02
-1.112107006876328352e+00,-2.436501917166583042e-01
1.643526918353823030e+00,9.759367470329695093e-01
-1.060227466711813615e-01,-5.618014881606546718e-01
5.424194076308165302e-01,3.686184459455710827e-01
-9.333117056745122708e-01,-7.571418102870388633e-01
-1.382191243943727388e+00,-8.132806893578035101e-01
1.654211934918834448e+00,9.602590791933740544e-01
8.745571331397336001e-01,1.638521908066361554e+00
5.091191858742698528e-01,-1.150069425696424036e-02
5.627219291558765990e-01,-2.038338366522578493e+00
-1.556042661538322491e+00,-5.263312252229913613e-01
1.534147380056511079e+00,8.554907040642558691e-01
1.257205591950856016e+00,3.716746543006473891e-01
1.819172883113912009e-02,-1.841890805127635034e+00
-1.513291665358521776e+00,-6.749660205927505707e-01
1.359094879723544036e+00,5.496303071506749571e-01
7.527726757160198012e-01,5.599997998740571248e-01
-1.628050894639216706e+00,-5.483114654312436498e-01
1.054738263318711455e+00,1.211728028726623219e+00
4.744151906659891393e-01,1.286389334278392749e+00
1.346601549515622498e-01,1.341966177502713908e-01
-9.437697017027908419e-01,-2.750023311558318362e-01
4.688545718577446508e-01,1.588825428724472411e-01
-9.699154861664762706e-01,-1.218863856845875837e+00
7.984685112125485817e-01,6.762115435100187755e-01
1.121159492654897116e+00,1.556251519668660155e+00
1.108861353523530102e+00,1.162866451188021566e+00
1.542869005446835917e+00,8.579725871022910733e-01
2.628673262063134161e-02,-2.146224448170234833e+00
-8.685492645067410811e-01,-1.534238138744998814e+00
-1.519391051064603149e+00,-6.100930591474313935e-01
9.760808318528236063e-03,1.715704238412494587e-01
-1.066054656419380464e+00,-6.236097971275530449e-01
1.018396050900630234e+00,4.042027627875214302e-01
-6.324248590611614151e-01,1.371459249552711590e+00
-3.249770086281247861e-01,-1.704023419732871636e+00
-1.005442280327365268e+00,-1.510753359981358734e+00
5.458399219715993622e-01,5.113121380668637084e-01
-1.741254250514646662e-01,2.286250618656171962e+00
3.281713801923413776e-01,1.541635657299037065e+00
2.339405355234507600e-01,-2.319053899878393388e+00
-9.640528698363183269e-01,-1.831241203048747490e+00
-5.720627476647315302e-01,2.235740881057643736e-01
-8.858334811694996702e-01,-2.091616258671290807e-01
-3.293782084511022168e-01,2.826204569481661100e+00
-5.181385663998693270e-01,8.362745781248280830e-01
6.747928617208770463e-01,9.916472264274497905e-02
8.822203641480038661e-01,7.887753619116674164e-01
1.029466213383433137e+00,1.092850511477660158e-01
8.664784203070157176e-01,1.116961957254003268e+00
-8.689804422273801343e-01,5.022933938078459892e-01
1.018722048535120939e+00,9.335029628376625421e-01
5.208751982431010230e-01,1.625435704986764041e+00
1.154797267029954222e+00,9.684958962968412410e-02
-1.621542212528907623e+00,-5.578187202465996197e-01
1.441962726520675253e-01,-2.727320186436608118e+00
1.397456573297816140e+00,9.313500685367867016e-01
-1.132066004786057123e+00,-3.352837509850233877e-01
8.039064647320779411e-01,3.741581190551611646e-01
-7.199084426296582517e-01,1.852458383085062443e-01
1.448640016141917730e+00,7.599855773153819660e-01
1.426780231130890808e-01,4.696072852601514969e-01
-1.474079364384730251e-01,1.504542410527084817e+00
5.688467810005684022e-01,7.249577240360873809e-01
-1.511200718730869585e+00,-6.458054072715812000e-01
9.816021491646408359e-01,9.389824056120897877e-01
-7.751214468255309686e-01,-9.238651916211677584e-01
7.420319360129344621e-02,2.553685745419988495e-01
1.643614840604098182e-01,1.064992124798986417e+00
1.511566157315914705e+00,9.503185247550731685e-01
-9.227571019048111944e-01,-1.078345619916558418e+00
-1.663716009124111883e+00,-5.192433937118769993e-01
-6.385022863481899513e-01,1.559039522829577473e+00
6.109083280348451828e-01,-4.688852270855385362e-01
4.359120292354315973e-01,2.683055597167592968e-02
1.404136291843825601e+00,7.614278273547293585e-01
-9.372762562121260688e-01,-3.302028894347061594e-01
1.332666215603848237e+00,5.790312611802195253e-01
7.714591465504792023e-01,-6.309423873384114589e-01
-4.779535680559204858e-01,-3.115967995146877167e-01
1.081012036214515470e+00,1.725291495134222142e-01
1.308113157811615412e+00,5.994597534732033495e-01
-1.331793038404704088e+00,-6.003634297068799475e-01
-8.891859275636277982e-01,-3.680870011857337865e-01
-1.442179168344577489e+00,-5.785071974867482814e-01
-8.522688309432483456e-01,-4.009000685186911439e-01
1.256761237517260987e+00,8.742891276738887774e-01
1.637358086085061171e+00,9.269717054769160969e-01
5.123198241840067890e-01,-2.578146286148412236e-01
-2.402233250140657916e-01,1.379247034821224238e+00
-5.543465655872457098e-01,1.372881514757711141e+00
-9.019710877883033717e-01,-4.600731889967042409e-01
9.197784898182469471e-01,-9.403232729865828032e-01
-4.149697924115779146e-02,-1.382537677521281871e+00
-2.374844081427840148e-01,1.201111495857566158e+00
1.509658742669584219e+00,7.952349352449442632e-01
-6.929753772256288524e-01,1.417676957297103968e+00
3.336813629347789578e-01,-1.140980402943504030e-01
-1.737633996312613338e-01,-3.889664732240164735e+00
6.169979946301544782e-01,1.309672534163076829e+00
-1.313688359448039078e+00,-8.356790709318312471e-01
-1.181496766499746442e+00,-3.883608261202633471e-01
-2.649109784373666621e-01,9.971933886837962557e-01
1.083956206131909239e+00,1.023516175154991048e+00
1.144367012060800270e+00,9.347662436911368111e-01
1.493373769714000154e+00,8.075227056792991798e-01
-8.746046984310185124e-01,-8.743390149488888818e-01
-1.640988217343963385e+00,-5.894643041184173260e-01
-1.054544177348250455e+00,-1.055135116605427248e+00
3.489486916626098334e-01,1.120736682191384448e+00
-3.173345578402447242e-01,5.897998913963435896e-01
-7.912750727077680901e-01,-6.515292943857431407e-01
-1.593109837179967458e+00,-5.621965703557720850e-01
8.626676029830523396e-01,1.775023020526350637e-01
8.497209126342710750e-01,5.844769299986575239e-01
1.174582064685128380e+00,9.670107353306451881e-01
1.289204033779191461e+00,8.293957035382167886e-01
-2.455941417219685841e-01,1.802347654244125519e-01
1.412695081356469373e+00,9.047558355043884282e-01
4.901599766455981833e-01,1.603823317209835730e+00
9.177543113005341979e-01,4.030612343148896604e-01
-2.940942846079557804e-01,-1.218081197807493604e-01
-2.823896703335183056e-01,-1.156063584395753630e+00
-5.424013031324126377e-01,-4.553368089765006399e-01
-3.605657133889073052e-01,-1.258464436683100152e+00
5.565342728281549300e-01,-1.099116853608560263e+00
-1.073622150347401660e-01,-1.029966973440640476e+00
1.138118246764401320e+00,8.030952333042091773e-01
-1.650353706464724235e+00,-5.174369848354528623e-01
-1.182198022154453465e+00,-4.123520537920735141e-01
3.868639549461336952e-02,1.597538711243361886e+00
6.509864100191798952e-01,2.168711207201963476e-02
-1.646780918521507875e+00,-5.641843419848265873e-01
-8.210548953471216160e-01,-1.139287449890290516e+00
1.278834521708979821e+00,4.586466481680352425e-01
1.441117619457822352e+00,7.690682847257708232e-01
7.692407822183744415e-01,-1.340498409644824140e-01
1.771737555949849108e-01,7.896839810326977682e-01
1.297486073257147154e+00,8.603889590302765678e-01
-6.593745843642941917e-01,-1.179127520838596066e+00
-6.147647276314824882e-01,-4.914983292089307731e-01
-1.405132171499030025e-01,9.712867217115363910e-03
1.600120385405285339e-01,1.181824783154438396e+00
-1.437167311177936835e+00,-5.581447338850934470e-01
9.882593107628736551e-01,8.342635151682663563e-01
1.404228449376097032e+00,8.641882333043205966e-01
-1.322994169670022035e+00,-8.691295357862076632e-01
1.490694344985023179e+00,8.911258525860378255e-01
-1.315571345000779546e+00,-5.653261314000733728e-01
3.916395517221735179e-01,1.846925600340932005e+00
-6.799906949243093024e-01,3.928565964868296345e-01
-1.072370357988933431e+00,-4.526450261371041117e-01
-9.910719156540620522e-02,-2.528050564826755386e-01
-1.319315635076624194e+00,-2.313115590550357814e-01
1.526496664953146620e+00,8.527831761534683253e-01
7.124604664566862589e-01,2.533857529409214715e-01
9.161034615620209376e-01,-1.125132450867650236e-01
1.138996175839580793e+00,6.423184738240976799e-01
-2.951650646356698826e-01,1.136239125114582027e+00
-4.608629141425207854e-01,-3.897772348582295154e-01
-1.426191501350414503e+00,-5.436988863498666280e-01
-1.058165292928358259e+00,-3.257615086493334533e-01
-1.270337972781871327e+00,-5.823195689978973855e-01
7.043132832263856447e-01,3.339533171947097201e-01
1.055946996888950107e+00,-1.308928098992237776e-01
-1.430825210065464814e+00,-4.906295659267749243e-01
5.831952630941051874e-01,-4.659080827425928217e-01
-1.631303401053751934e+00,-5.717612854611863193e-01
1.425692829200389644e+00,7.685844131446150085e-01
-1.140772036544221324e+00,-4.240799161753382451e-01
4.331023222957497976e-01,-7.139946079254092526e-01
-9.179711307392752762e-01,1.432346509588558192e-01
3.140043321148466848e-01,-1.027016083055852569e+00
-1.161277184345447022e+00,7.616283159807615832e-02
1.448460712213033075e+00,6.969867130611023809e-01
8.422479752560693145e-01,6.775971183411130250e-01
-1.490943573413448187e+00,-5.329105926947546035e-01
-5.046583274217576465e-01,-1.478836731110539704e+00
4.776391935833956826e-01,1.242733109158664861e+00
1.546342028338539620e+00,8.311464083491368893e-01
-5.685787420535258763e-01,-1.157605581260806593e+00
-1.555413714398940606e+00,-5.449049181916101325e-01
-1.623770890551526014e+00,-5.614383630205536102e-01
1.304095962258807306e+00,7.348363911027900874e-01
1.092732866110829759e+00,3.794081744825495428e-01
8.745685171760460008e-01,5.102187795421160299e-01
1.085286235703071700e+00,3.781791486999190599e-02
-8.741805676444984741e-01,7.118142310314128363e-01
1.130235344899793937e+00,5.972841547171441334e-01
6.057084384755702100e-01,7.631987606210856034e-01
-5.390480907965601587e-03,-1.385643455707816329e+00
-1.108778271296755991e+00,6.731577032595172094e-02
-1.111562204345245330e+00,5.469810697254749998e-01
-1.402267457034349352e-01,5.040990740042462503e-01
7.989815374129127790e-01,-1.377982103938485414e-01
4.066449639316594422e-01,3.311784325673994722e+00
-1.192127357372178675e+00,-4.145773569541055248e-01
-1.192618425625911610e-01,5.028087003903017882e-01
-1.379987765603511107e+00,-6.434555075714403216e-01
1.445483499596800003e+00,8.189277885571384363e-01
-7.625712032888337655e-01,1.790669585828445598e+00
9.701488073723617545e-01,2.408790232264106379e-01
-7.492196184408568271e-01,4.306668057676995565e-01
5.434628000596768427e-01,-8.743604082695483060e-01
1.572907638437179401e+00,8.883235171255143836e-01
7.100899008475468621e-01,9.143899829643862276e-01
-6.594983381894119479e-01,1.283340797781924669e+00
1.498250344411042656e+00,8.904514735649727841e-01
-9.491191357532571260e-01,-1.596808978712966454e+00
-8.342949336296684448e-01,-1.278535022000684584e+00
1.355051071853452305e+00,5.899030238515995395e-01
6.800590671716159885e-02,2.510322645465873581e+00
3.798196935741806612e-01,7.876544427293987738e-01
1.509758127288262364e-01,1.149774854139978597e+00
1.242428746207494328e+00,1.224013404393505811e+00
3.780152813151301250e-01,3.248151768010902884e+00
-1.126807699998463530e+00,-3.041171347289709503e-01
-8.192213392165527130e-01,-5.914427879478687533e-01
-1.561343116640697248e+00,-4.407721692622925680e-01
3.220381701392125984e-01,-2.405218502040499473e+00
-8.883426783736153576e-01,8.682373650980670376e-01
-4.949228565469074304e-01,1.311481102463741832e+00
-9.388820319990403007e-01,-4.842338234093448435e-01
1.173502625128007626e+00,7.316872282146428264e-01
-3.027176678855657554e-01,-1.090588222963939868e+00
-1.501262526759770677e-01,-2.065107515185439002e+00
6.156188102227182490e-01,1.419634503211514576e-01
-9.713571472285947861e-01,-3.788423587849274465e-01
1.563510389836418213e+00,8.856801492835276735e-01
1.576594904487782223e-01,8.254768384275186222e-01
1.068199527860407283e+00,9.773252365797012453e-02
-4.285392223625553165e-01,-2.265550644777030997e-01
3.541677784767167103e-01,-7.922459825576251280e-01
-1.167361822106567915e-01,3.724001565894205501e-01
1.278713208990156946e+00,4.870308660392499989e-01
-4.055371973035281491e-02,-2.851677576066403930e+00
8.753561858411446073e-01,8.297469164093269622e-01
-1.533716502579803631e+00,-5.842616539356649819e-01
-2.140950200375969781e-01,-1.795742561575794261e+00
2.562722922836135897e-02,-1.315049627887472372e+00
-1.615911869472742790e+00,-5.267136863866851426e-01
-9.583299541202378036e-01,9.225180603707888727e-02
-1.182490347542647147e+00,-3.714214236018046345e-01
4.451366655434473851e-01,1.096739771715666834e+00
7.229138008195824805e-02,-1.416070013668843997e+00
-1.484616465805492114e+00,-6.239549201018564917e-01
-5.101262843504954514e-01,3.837998832569644025e-01
6.623797725854527751e-01,5.746974190659768222e-01
1.396484910647030064e+00,8.422022582449341099e-01
2.692013151043867736e-01,1.807426989043924959e+00
1.040286947003338791e-01,-2.221544568760918548e+00
-7.305993161180007744e-01,-7.218671788595101280e-01
5.248548044987337846e-01,-3.085935013140423400e-01
3.757320998134098811e-01,1.255823187165067134e-01
1.494769179828313810e+00,9.087147551523820921e-01
-3.647198672207341286e-01,-2.690514906936275485e-01
-1.467359893862497655e+00,-5.372756865782803981e-01
-1.384917535714153880e+00,-3.546367378743029430e-01
1.539853108805931514e+00,8.788471510504647366e-01
7.248351416388262303e-01,-3.590365331480866451e-01
8.684841109074100673e-01,7.836479713869587416e-01
9.059965859246079667e-01,7.844822049293268540e-01
7.858202501592804756e-01,1.310834980097844993e-01
1.281426124409148493e+00,6.810615090838871843e-01
4.120929414448777361e-01,-7.384609917347765284e-01
-6.736713935661077235e-01,-1.785141850097084149e+00
-7.173913616065591414e-01,3.505587483513818436e-01
9.387095946702198046e-02,2.024706171378801045e+00
1.478506741740027275e+00,8.727080432782077235e-01
1.102144090896999273e+00,5.719082468198252167e-01
5.771487407016135940e-01,-4.090963289119323165e-01
-8.289707690730585554e-01,-1.214509084893006907e+00
1.062311354337543756e+00,9.275440162469122951e-01
4.042246912835422146e-01,-4.241360559559137489e-01
-1.625702539662563728e+00,-5.701618065884651587e-01
-5.650489905194222562e-01,-8.005846576834128037e-01
2.324068557790785472e-01,7.481778827330973769e-01
-9.573565420041326712e-01,-5.567775261939558185e-01
-1.068224029988092516e+00,-1.768401811559308368e-01
1.497746327003454558e+00,8.814291828232760917e-01
1.414774136617887423e+00,7.535814891472104593e-01
1.002223950437309163e+00,1.491988285143048376e+00
1.602942364107915019e+00,9.372962799641182396e-01
2.814455081178016127e-01,-1.520991227208123187e+00
-6.800890811990653595e-02,-1.325121737941471478e+00
9.096741752616311905e-01,3.585816202912133210e-01
7.405664859364905483e-01,1.768627275477812955e+00
-6.146920380701595965e-01,-6.230217098969714762e-01
4.725033876437416125e-01,-2.544312657643316822e+00
9.061487860794983362e-01,9.116593925233723930e-03
9.257091468142386592e-01,-9.100584628940077137e-01
2.049447860958540923e-01,1.570366011855954591e+00
1.557345227470664784e-01,-7.319214750142324366e-01
1.061226133096372592e+00,2.456024424138124052e-01
2.809227062650067608e-01,8.857413123469659588e-01
-3.064135104360451445e-01,5.507970671490940440e-01
-1.335283951378593903e+00,-9.964206237572397207e-01
-1.585768354551355452e+00,-5.418513033048310001e-01
-1.136061688102069756e+00,-1.040704234651340432e+00
1.503088698940191037e+00,8.804950059434482057e-01
-7.310275005128485937e-01,3.153921050378218072e-02
-2.102603592513502817e-01,2.595939071802600751e+00
-1.575222056917691960e-01,-2.484753184836316020e+00
1.379809153858715387e+00,5.992502821407784674e-01
1.290338046583952236e+00,8.120617778789522845e-01
7.693188595794955287e-01,-6.635495481895177239e-01
3.542963704377775219e-02,-2.660028682976866232e+00
1.643267300674336573e+00,9.451724629008634304e-01
-2.719940393917597565e-01,-9.303376559640965660e-01
1.608624747614916917e+00,9.540159758905788490e-01
8.030129894002554503e-01,1.253617644771770401e+00
6.195399825116699732e-01,-1.148521878398380380e+00
-5.622169723927011864e-01,-7.024941339032939602e-01
-7.087206431022375908e-01,-1.160998270867942939e+00
2.707671118490375672e-01,-2.393948883855728793e-01
1.617481048631669527e+00,9.203615011035036764e-01
2.033020625526453518e-01,-1.457226593716662855e+00
-7.523955041551123601e-01,-1.138810392939963778e+00
-7.632721094356780256e-01,1.400159734854618532e-01
1.033955284664164198e+00,1.418577631985098675e+00
1.173066170084571036e+00,9.567931078565430347e-01
1.223992185285464718e+00,4.813528242592713946e-01
-1.143228092903849413e+00,-2.919342950621071076e-01
-1.635532258249506044e-01,1.298155824001490766e+00
-1.640012645946532954e+00,-5.327296560568250960e-01
-1.495574670694073793e+00,-6.725228618567882233e-01
1.046749827112126024e-01,-2.001617535116111846e+00
-3.550331087104380279e-01,4.532031091528276184e-02
6.580341013298250941e-01,8.318074729745696116e-02
-3.678602705644423154e-01,-1.749853290574850950e+00
1.385588531271567003e+00,7.318695219386535111e-01
-9.718812557966248766e-01,1.515994293604910059e-01
-1.437366727127888100e-01,-3.161541401732821943e-01
1.191088337260214347e+00,5.046780513228967813e-01
-1.664391053623617056e+00,-5.368991151533262229e-01
-6.852953116623837770e-01,-1.623295637809520020e+00
1.505316071826216850e+00,7.933069623160061701e-01
-6.916286465008659734e-01,-1.347387918843882870e+00
-1.571498028124499680e+00,-4.815820378176540184e-01
1.421571160186166027e+00,8.513079853175337108e-01
5.695924012399564695e-01,9.312864319773944688e-01
-9.598089425218685466e-01,-6.959891213174749236e-01
-1.545735186023027508e+00,-5.274351177333590490e-01
-7.631252199062704689e-01,2.153784435361822125e-01
3.354161617785303973e-01,1.253215406948376964e-01
-8.795591361752209680e-01,-1.393302351337797562e+00
1.609366162650227420e-04,2.390396838710252478e-02
-4.982571407371001460e-01,2.212672399429463088e-01
-4.085856539650243313e-01,-4.001176421005911976e-01
-1.279194916037803331e+00,-2.264850139028077025e-01
-6.021739819807784277e-01,-1.339767800889005434e-01
1.831741946668179188e-03,1.437199411414370465e-01
-1.316242567300086153e+00,-5.952860725892441529e-01
1.528353158711752924e+00,8.625900324037063527e-01
7.649318635667848865e-01,2.635593092286128147e-01
-3.237408675226157162e-01,1.110294112449124793e+00
1.108439716913161233e+00,-1.304588047436189557e-01
-9.881643883476465273e-02,-6.802867324270350791e-01
-7.364774854913191948e-01,1.245282486925518156e-01
-1.469942157073167222e+00,-6.227977265828383846e-01
5.016250744995883748e-01,2.022034067195328078e+00
-1.317639981750273082e+00,-5.142041849912172280e-01
1.393696890343869565e+00,6.603829258678861613e-01
-7.383388310078370376e-01,-1.158544864389049023e+00
-4.131896019920059948e-01,3.234669484961755215e-02
2.980938678823404908e-01,1.993761899927214490e-03
-8.615342204441241991e-01,-8.032479997332770960e-01
8.078958534669813396e-01,5.337810202588578745e-01
5.303860275020703119e-01,5.548786864686658937e-01
8.607708666559414912e-01,-4.846912341838460758e-01
-1.261061836074871545e+00,-7.638480993648659734e-01
1.162233395586833584e+00,5.313428204289167844e-01
-9.214389768407432735e-01,9.846081081252311407e-02
-1.046751523932303973e+00,-8.950915764285291010e-01
2.536463168015695158e-01,3.713692915499434033e+00
9.497394564413246254e-01,7.088501946425660449e-01
1.243132778512486825e+00,4.445023876813173347e-01
-4.868395799499973253e-01,-5.164442756509390886e-01
-6.018931921267459684e-01,-2.119079783047115861e-01
-3.901906129033507198e-01,-1.393468783166393887e+00
-1.119385073530670294e+00,-6.540557629319385669e-01
-1.256471356446614340e+00,-3.194038345509790933e-01
-5.116192715251267620e-01,-6.755147883433432199e-01
-7.360602300422355304e-01,3.140445649015604496e-02
-5.300283399022220898e-01,2.360641881787952506e-02
1.013784960202428476e+00,-2.963830585844371979e-01
-1.090754651975842426e+00,1.617189480753044584e-01
5.194710432985726323e-01,-1.898843695194508463e+00
5.625679895165058841e-01,-2.343238731446262435e-01
1.036882709535358771e+00,-1.668365515908739050e-01
-1.511844329486865535e+00,-6.537083869235601474e-01
-4.167479099974206180e-01,7.450094210803896999e-01
-5.824022118535125969e-01,-9.401458663538067029e-01
-7.911384949197522998e-01,-2.267310558191290293e-01
-8.895734414913596400e-01,-1.157733685213255592e+00
8.731692157425879897e-01,8.738349302201480207e-01
-1.585223142430957521e+00,-5.438523389493162830e-01
-3.887908117297425581e-01,-1.606482235544037129e+00
1.369842244515486973e+00,7.515823758627691031e-01
-1.022368299507290912e+00,-2.495740342050007110e-01
2.575074675555608789e-02,-1.541604219490557037e+00
-1.400632581532887944e+00,-4.752866180362104176e-01
-1.781445457987977377e-01,1.837637325603186600e+00
1.226454207639725569e+00,6.335107166741150708e-01
1.320303911816623765e+00,7.800445665026560782e-01
1.085658413663408872e+00,-2.282929490319871857e-01
-8.732232967215102226e-01,-6.582943258634631478e-01
9.957445867703975662e-01,1.547180468229169270e-01
-3.831203643638907835e-02,-3.430874402963363101e-01
-1.462342564545017876e+00,-6.701672375316569674e-01
-7.271688463142995662e-01,-7.450049385376354971e-01
-9.419827729957926943e-01,-3.346166808531503972e-02
1.541298727895751730e+00,8.392797046123180449e-01
-3.162214534588781989e-01,-5.077437237032386141e-01
9.480643667402628427e-01,2.906832646376408258e-01
1.587164290127150768e+00,8.945153436055375273e-01
-1.347089760552284687e+00,-3.525765518240863705e-01
4.903129803859695435e-01,-2.873844071012161550e-01
-4.474944335129748541e-01,1.134061277997171713e+00
-1.271355210164650806e+00,-8.400047429992892889e-01
-1.423104872737243065e+00,-5.364343507177280479e-01
-6.181994210808432894e-02,3.467040544722174822e+00
1.426231494018636470e+00,9.608694360305762849e-01
-1.274958772621497705e+00,-5.864431082760148684e-01
-8.367925780383269618e-01,-2.131062177510101296e-02
1.539492454873051752e+00,8.957263000596076274e-01
1.340178266775948090e+00,4.706343871689320779e-01
5.666595770845243019e-01,-1.044130587544720434e+00
-1.113186748771396672e+00,-4.972494117602713204e-02
-5.029776880143723705e-01,-2.250981645885648863e+00
-7.880590618880837228e-01,-7.561337256601177170e-01
-3.578957297251952885e-01,-1.368337519774287969e+00
1.144021488748933724e+00,-1.434179221843190633e-01
1.214461393782424681e+00,5.380260915096792829e-01
-7.878611912674700068e-01,-1.296333963517873611e-01
-1.477141997671139517e+00,-4.683941720642281203e-01
6.179796123606868807e-01,-3.132417501244602054e-01
-1.005512183239718249e+00,-6.192370126320735357e-01
-1.579678234878197252e+00,-5.542544532540299995e-01
1.876099463457955863e-02,7.193118228183712493e-01
2.426734796355243806e-01,-1.154539670483514469e+00
6.292847061989879087e-01,2.324200384701934130e+00
-4.354742485580054834e-01,3.036030449983970203e-01
-8.672676701916495201e-01,4.921221438260445225e-01
1.237812261920635981e+00,1.037103941621290604e+00
1.021458111569716554e+00,-2.073487242669565800e-01
-1.153835363157726723e+00,1.566037809105324044e-02
-1.329982589575913199e+00,-4.741480156661961876e-01
1.610850594679179348e+00,9.174959382767418070e-01
4.106032992643105506e-01,-6.748613502795230978e-01
-1.170969107895790895e+00,-4.924996120814228440e-01
1.585923203898320200e+00,8.670148954931713448e-01
-8.783059094901690678e-01,2.634309439146541032e-01
-5.442305364060650019e-01,5.313546702954787815e-01
1.312419773732538542e-01,3.824371077949353381e-01
8.219863994181447753e-01,5.074058266867988859e-02
-1.572389225686327663e+00,-5.179470382837816356e-01
7.494994854183455457e-01,8.139273159669762059e-01
4.023375029922965918e-01,-7.739645791388952700e-01
-4.834994433882431331e-01,-2.313916358489956693e+00
9.845702515790191178e-01,6.844626465522598568e-01
-6.202738457102240366e-01,-8.618449204249380990e-01
-1.875942154369018289e-01,2.225498375151161723e-01
1.588247860344899065e+00,8.777809034380668063e-01
1.662917681122734859e+00,9.886209295988872547e-01
1.563318799609764387e+00,8.217540156961521403e-01
-1.180885398683693355e+00,-3.285578159503332318e-01
-1.399263635986513155e+00,-4.512852248882548989e-01
-4.335819561395783395e-01,-1.752695417473493222e-01
2.755259352723694044e-01,-7.782615131531924746e-01
1.834971793993876721e-01,2.861857440473098535e+00
1.216557245173602309e-01,-3.610054046903776293e+00
-1.409699225298399750e+00,-5.901046560145722930e-01
-1.370111558477762115e+00,-6.146938360459788253e-01
1.258009729683579048e-01,2.612196629481794430e-01
8.884497159944794165e-01,3.667955645578149237e-01
1.887677879579289508e-01,1.940773001743588022e+00
-1.521748060931590762e+00,-6.653818953852507212e-01
-1.462995320638242225e+00,-5.670723826970175407e-01
3.211938468228025534e-01,-1.167896717465588097e+00
1.443724249747996291e+00,6.461428192095466372e-01
-7.655801241854046646e-01,4.570553099127674379e-01
6.694484173925100423e-01,-4.568000910201928111e-01
1.441661027870396961e+00,7.249237558192940245e-01
-3.134424523781529359e-01,1.482640929133000052e+00
-1.099749743829834481e+00,-2.250835102431492651e-01
-1.479787627323426280e+00,-5.738962684963532235e-01
-1.455172564563224302e+00,-5.792835140188595799e-01
8.084500315039099272e-01,5.005505966487813069e-02
1.162640609643591727e+00,7.170510867662749366e-01
9.656265679145256131e-01,-2.146729525466200550e-01
2.639182082221209202e-01,8.461687220101586915e-01
-1.385554032730337504e+00,-3.294960993794515680e-01
-5.588451613571340792e-02,6.374694572774236567e-01
-2.044376741153200450e-01,9.372613813337020428e-02
-1.103894138888839915e+00,-4.647726394490451773e-01
-3.109209872561350396e-01,1.284796083991004423e+00
1.389939850157349444e+00,6.540881537144068725e-01
1.649093213215903742e+00,9.449352265651295157e-01
1.243088815672359404e+00,5.830790449942063747e-01
-2.157396590319728691e-01,8.660267651270918687e-01
2.343432961637596790e-01,-9.949621105029989865e-01
5.194508999818425558e-03,1.173158961221544422e-01
-2.581770900736198859e-01,3.188614434536095610e-01
1.197952907021767599e+00,1.253972878409166936e-01
2.135626066284130598e-01,-5.695140771032353166e-01
1.638799393729624798e+00,9.531915691924488510e-01
-1.178517614941689384e+00,-7.053533316121836094e-01
9.105826470289841712e-01,6.849781200446729557e-01
-1.389452237262156720e+00,-4.467274103940233054e-01
-1.257346782401370378e-01,-1.858964707041679043e+00
1.419264480618863900e+00,7.207452157041330798e-01
-4.594118340355948793e-01,5.926097471557952856e-01
1.441543238389644932e+00,7.774317394481968790e-01
3.415708267036268730e-01,-4.607434994899117786e-01
-7.123515045196382456e-01,3.193959889124500240e-01
6.284945022816335047e-01,1.126699701501561623e+00
9.176639410862041935e-01,5.323844947949594175e-01
1.399182869054291567e+00,7.027368676811872605e-01
6.260059485425889525e-01,-1.904320380274787006e+00
1.345973270967098623e+00,7.733753423588398679e-01
3.226576783514790714e-01,-2.514605723857225694e+00
-4.165587844733798506e-01,1.221691234094242295e+00
6.816704901114655213e-01,5.378654711995372040e-01
-8.734209517447474314e-01,2.328035803821090211e-01
-8.435115669446417996e-01,-2.411781462000292253e-01
-5.517636631284629223e-01,-6.031985243153868970e-01
1.608445719930124085e+00,9.546534727545749055e-01
-4.278256299272356067e-01,1.751787852770986476e+00
1.047550189542063137e+00,1.485423315232780483e+00
-1.422441639921662837e+00,-5.581347727023234784e-01
-3.861442064842974808e-01,-4.487211784871971698e-01
7.908856997520017362e-01,6.750339432372687298e-01
2.102501042919180385e-02,1.572792591994954359e+00
1.325533600977671700e+00,6.944379158340572289e-01
2.623948751924844447e-01,-2.211682878800154406e-01
1.034209389373132337e+00,5.404958144733142955e-01
6.271325417651975043e-01,1.884921135195126995e-01
1.541318266060395015e+00,8.535502937409938928e-01
1.276540377377500590e+00,6.109051244298044914e-01
4.509731613873909084e-01,2.487081998124195809e-02
-2.773515691524184867e-01,-6.602756771110611655e-01
1.332467160130282657e+00,7.131276690583949751e-01
-9.986012551530304426e-01,-1.201391450063986399e+00
3.045250856380121163e-01,-9.742740964835769901e-01
1.202827482278241211e+00,3.385428582660749974e-01
2.456013471571155127e-01,-1.897571245283168562e+00
-2.791099296951460307e-02,-2.515959831908010091e-02
7.972086197192118640e-01,6.105025104035486372e-01
-2.314183301091840561e-01,1.112586478458407399e-02
-1.136430793037445319e+00,-3.701383447816281591e-01
1.214019256908160926e+00,4.425616802870042110e-01
-1.490986745105276734e+00,-5.158250520208730316e-01
-3.381348917724742997e-01,2.861488839475336832e+00
1.545645592408336766e+00,9.091779832320765475e-01
9.062875932724038380e-03,6.138811379168059718e-02
-1.366912747741483303e+00,-5.257735372917726746e-01
9.484226418523719060e-01,-6.624709695209097804e-01
9.126891928745590743e-01,-3.714850648847903836e-01
-1.516909286071979501e+00,-4.396904933754376410e-01
9.302676847475146449e-01,-1.266236293340980146e-01
-7.556921689435676104e-01,-6.426146837234210096e-01
8.941807051702809206e-01,-5.062688452987613649e-03
3.608346777083649703e-01,-1.348792546112528523e+00
1.413550410461972273e+00,6.238608749216050242e-01
1.654066661386622172e+00,9.939252167547770744e-01
-1.151268871083056533e-01,-2.855889638403459885e-01
4.931931015899450044e-01,-1.028786195926818525e+00
1.534721107096573556e-01,-5.120907792997414498e-01
-1.481065103344138878e+00,-4.454985567796466150e-01
8.839218938699557881e-01,8.617690833980449217e-01
-1.169799889869272830e-01,-4.631629785881348216e-01
4.238702613629156124e-01,1.069503719475486836e+00
-1.334672581394028112e+00,-7.753674437834602307e-01
7.729668594406108317e-01,1.370329465081746578e-01
1.469581668144143149e+00,6.712887005518389794e-01
-5.512531260210724593e-01,5.829700311343068847e-02
3.590360132519220815e-01,1.602970985725447051e+00
-1.088053950928519642e+00,-5.280274266059998833e-01
1.476058153055339606e+00,7.505318510745629945e-01
8.275494123597876284e-01,1.173466757935920368e+00
2.001549459587902147e-01,6.074133956944002266e-01
-1.245209451071370488e+00,-7.891268062221556967e-01
-7.958520245221456513e-01,-7.673543530849171734e-01
-1.205483187919820676e+00,-3.539692269236460187e-01
-1.230459649363125241e+00,-6.282984268210439760e-01
-4.964807767091861668e-01,-1.164970354671042152e+00
2.978057223746818361e-01,2.888300456863773125e+00
-1.127225086561683298e+00,-2.083651454942460346e-01
-6.359379545788120813e-01,2.256216205791051199e-01
-1.577593945223388250e+00,-5.583454669254458436e-01
-1.544257912960539159e+00,-4.998334092362341496e-01
-3.139823044033898669e-01,6.194329688930528405e-02
-6.125629429293623085e-01,2.050546396664861160e+00
1.020197853079916950e+00,7.920831310554626858e-01
-1.374495872196229707e+00,-4.086549990279936817e-01
-9.580956218215382902e-01,-5.832114623246228424e-01
4.869254620159393365e-01,-2.855638579693888235e-01
2.305706237825563831e-01,6.153936910109681913e-01
1.367080503188155549e-01,-1.113249909449994107e-01
1.509822076163399140e+00,8.151914672651544569e-01
1.054744464449434815e+00,1.415689483774725532e-01
-7.701458639505999182e-01,9.141461563547888247e-02
1.144239418164863853e+00,7.572375391751069440e-01
7.224079151839948310e-01,2.094672682798644769e-01
-7.688876945085486581e-01,1.513005526053473604e-01
-3.574490275229280645e-01,-2.779969924831563244e+00
-8.283768162487377129e-01,-3.699088781029057915e-01
-1.262125906864397296e+00,-7.323124102731083385e-01
1.090256924639948055e+00,6.398087184012641870e-01
-1.383424576557066854e-01,-7.869166606986141010e-01
-1.246844834989259354e+00,-7.181821905959621111e-01
-2.289795287994061401e-01,1.164181347275348166e+00
1.238685283769565215e+00,4.788187411358295620e-01
-1.643714815911536897e+00,-5.338396815126700279e-01
-1.569382451534984790e+00,-5.818925819973002067e-01
-1.368816046777205031e+00,-7.019794047749363664e-01
1.373054153951579703e+00,7.926226464792434090e-01
8.614588091576078632e-01,-1.494818852657169295e-01
-1.670810134063888786e+00,-5.817764839082228967e-01
2.703533398837287827e-01,-1.776445212015141051e+00
-1.617828219118641497e+00,-5.316757905788168648e-01
1.782191577830751772e-01,-1.630377167546535278e+00
-1.309367746167170221e+00,-5.742409896395416213e-01
2.663063657600659995e-01,1.407287053679902700e+00
8.443014077466042266e-01,1.058921718674537660e+00
-5.580500824621357214e-01,-5.500252042587726597e-01
6.602830735061183676e-01,2.951728540508521959e-01
1.329695384987924014e-02,-1.883554926712367461e+00
-8.130166721378352390e-01,2.720831941805735843e-01
-8.205381528211187492e-01,-3.257950797208973293e-01
1.079797361677182765e+00,8.861731389423839478e-02
6.250059295499030831e-01,-1.109746723678457725e+00
-5.164251044497154552e-01,-1.971584558920724539e-01
1.553431286287782376e+00,9.082590568941635301e-01
-8.952516050007607307e-01,1.185200095952725491e-01
1.553470085250504784e+00,8.592926501993345401e-01
6.072554869012788403e-01,-7.337123843458724926e-01
2.995614734665541512e-01,6.805865138458856711e-02
-1.496767268855733635e+00,-5.836833731755041166e-01
8.485216639995798449e-01,7.732643591725277821e-01
-8.024342666401698687e-02,8.156333590831029712e-01
-3.160962188018561214e-01,-7.199369470423083728e-01
-1.445417695960332871e+00,-5.242770584120900468e-01
-1.219270251964457819e+00,-3.614903310812760950e-01
-1.483698446650248748e+00,-5.515925155677150471e-01
-1.113939822678231995e+00,-7.951754078581430019e-01
1.527314089730408275e+00,8.382829546202182902e-01
1.301562674647261275e+00,8.125313857508601467e-01
1.435344497130580210e+00,6.666385325481882784e-01
-1.327785855595531972e+00,-5.056183827902296368e-01
6.048623273152031743e-01,-1.203465100476226457e+00
-1.318833436505736367e+00,-6.904260474841755757e-01
-4.342711308254295077e-01,-1.864183711887125394e+00
-1.096616954015935813e-01,2.122828680844206506e-01
-1.135839161184567958e+00,-3.150131822510465196e-01
1.450587024908255529e+00,9.477019836146221010e-01
-5.079996797960140142e-01,-4.054564793264070488e-01
7.731629225070366651e-01,-3.810089029019337326e-01
-1.273290213718717867e+00,-5.612242740148003922e-02
-7.202895337894106298e-01,4.545327560768114838e-01
-1.015157776308504234e+00,-1.393836839842793385e+00
-3.668686214577029370e-01,-3.969316162687324678e-01
-1.495642202118153907e+00,-5.257201954456297566e-01
-1.510952435666815141e+00,-5.409688270306751701e-01
1.264716969754577480e+00,5.481211499649250030e-01
-1.171683927651681056e+00,-7.374012278142240140e-01
-5.329614016612607141e-01,-6.539182767658396900e-01
-1.649182323372669012e+00,-5.561485853589165362e-01
-4.253755452549268790e-01,1.184142487256494958e+00
6.159653687200152827e-01,1.245467881116062880e+00
-5.443895052405852697e-01,9.426277383827467160e-01
9.544473486747615532e-01,1.235683040997190174e+00
-9.603514672080042391e-01,-7.222750577130365723e-01
3.103984575355120401e-01,2.552215642385047834e-01
-6.089427688938713334e-01,-9.941810803555981568e-01
-3.025345162675592559e-02,1.423128475140974292e+00
1.298235996910247048e+00,8.154819705938801677e-01
7.559254118514304732e-01,-1.279775127435029691e-01
2.925436839674416811e-01,8.733356887068635110e-01
-8.301259350562145700e-01,-3.311263813729101863e-02
-1.957084679295710838e-01,-6.702218253271466919e-01
-1.801694584763998130e-01,-1.076456816957632318e-01
-1.663767964860473292e+00,-5.148580491047602958e-01
1.512967686931310229e+00,7.592990518587814375e-01
-1.197378331752871228e+00,4.619011120097264028e-02
-1.254042571090512537e+00,-4.081275435604325708e-01
-1.217369418725471553e+00,-1.227969338249004450e+00
-1.383425962416591437e+00,-5.543338773550604559e-01
1.269493422873505972e+00,6.796375375865794100e-01
2.253797982584395121e-01,-1.726642003361808397e+00
-6.429618384835503186e-02,2.073629053433012182e+00
-1.125587757413095247e+00,-5.388364984529880886e-01
9.359213853761457758e-01,-3.770378760558014131e-01
3.320676159565044139e-01,1.832993924704801714e+00
-1.004070825916923704e-01,2.317359310580377585e+00
-6.319000255884429373e-01,-9.800577995619251803e-01
-5.218452599909402523e-02,5.572722922470634277e-01
5.239588173583004105e-01,-6.462765619281168883e-01
9.648577257573806021e-01,1.106755493635370513e+00
-1.161866062058706239e+00,-6.298591168264894291e-01
1.111353258585960679e+00,6.420779871022584961e-01
1.265803403301073660e+00,4.957602229942424943e-01
1.358973474931365111e+00,8.621548628670363534e-01
1.623932213164239302e+00,9.408800222126800783e-01
-6.398669612274725527e-01,4.332603900588796741e-01
-1.219373817707096297e+00,-6.065347268972951511e-01
4.169941606350041075e-01,-9.044940973213796420e-01
1.218638487273934201e+00,4.727859961698760438e-01
-5.066115976819091093e-01,-1.397821208948855531e+00
1.104904855959833565e+00,-1.510003880135799004e-01
-9.772723266331704295e-01,-9.878806919388514185e-01
1.044609697449762065e+00,3.253061904497167034e-01
6.644291650421750850e-01,9.770511683982900930e-01
1.344194556953213882e+00,6.372090385109979715e-01
2.931375856015080994e-01,1.434181449288743915e+00
-7.734174832643581077e-01,-2.003023833292372657e+00
-1.155308461442468293e-01,3.635644228538820744e-01
-1.386623254170235020e+00,-7.048158621559206249e-01
-1.443577638895903181e+00,-5.195538220530740992e-01
7.935487409505377343e-01,4.012957385652963782e-01
1.162360924255944505e+00,9.447261941326531298e-01
2.053706136658739745e-01,3.298942281000001309e+00
1.283798851415190789e+00,7.846317542491907382e-01
-5.595456651176591301e-01,-2.346641652971692416e-01
1.175219537816837523e+00,6.717147073606160035e-01
1.579797520121904331e+00,8.775057691875189914e-01
1.245696284979067370e+00,7.099834408648366679e-01
-8.305098028692463608e-01,7.686086210317022438e-01
1.584041878927181068e+00,8.803368958692051605e-01
1.081745338886448859e+00,4.364558575136893992e-02
-1.061759451644516350e+00,-6.406767386238286788e-01
-4.230374518157210550e-01,-9.937187963889810849e-01
-4.136001615248472985e-01,-8.039593220802212503e-01
-1.354715626204729739e+00,-5.185460959104565282e-01
-1.494534186508951423e+00,-6.316016259418851808e-01
7.246854052562786697e-01,9.715937657038241637e-01
1.499728329926967252e+00,6.714496460017097546e-01
7.837030991977349537e-01,4.001329411983754469e-01
-6.447695622023372208e-02,2.417352278482650385e-01
6.606069032221505433e-01,-9.791792502629562689e-01
-5.369200891425478517e-01,-1.432910852725781448e+00
-1.533557071628264934e+00,-4.702632790475410052e-01
6.859088696633082183e-01,7.971883496316363171e-01
-1.591140043194888110e+00,-5.463336477876850061e-01
-1.571404745941907821e+00,-5.666796972599632554e-01
-5.593966364243352363e-01,-1.599608798644125862e+00
-9.146710255760766017e-01,-9.994209627535454166e-01
1.526359547144121365e+00,8.487468189093800852e-01
6.094679880540884165e-01,7.105592020947470999e-01
-1.465151670933056760e+00,-5.746254081508221923e-01
3.399465605524868983e-01,-8.815923521731438006e-01
2.145954709442680075e-01,-1.972093450853648511e+00
1.512619926253328195e+00,8.054116463286353778e-01
7.044206644331070244e-01,6.613689234115699422e-01
7.103706136957349537e-01,7.170471870772617828e-01
-3.537760139978096130e-01,-6.535933912831426440e-01
1.131195324966986604e+00,9.275871247160606403e-01
8.837352969566747776e-03,-4.913792145257461774e-01
1.144721286923230164e+00,1.149525532067249500e+00
-5.136404070213262951e-01,5.102248546124954487e-01
1.311821917685092265e+00,5.506121188078934026e-01
-1.573149460684299283e+00,-5.371999085343410751e-01
6.808303836695481781e-01,-2.383503799624471856e-02
-9.725494295759985475e-01,-9.421594480597155208e-01
-3.084388574747606859e-01,-7.520772224420707586e-01
1.348882169997499991e+00,6.694559861061006867e-01
1.507278512050363339e+00,7.357897660136319962e-01
-2.772555496228141236e-01,-1.805449318615279353e+00
3.263677232549829776e-01,-5.297281305114347472e-01
1.674592604890408343e-01,-2.157661972292292951e+00
-6.867506677782736491e-01,6.257553629959777819e-01
1.424319551241451709e+00,8.255810726913246356e-01
-1.423198955168995194e+00,-6.495529225698194464e-01
1.162898943317939748e+00,4.942956663216205859e-01
-1.514288019760823278e+00,-5.894218167554958754e-01
6.196813565909153887e-01,2.290279578096391155e+00
1.441039726301254209e+00,7.767550445669492154e-01
-2.013233081691932769e-01,8.007223534573996160e-01
-1.380151356507172578e+00,-5.239772551284880286e-01
-1.608039087224601760e+00,-5.160556605027405430e-01
-5.778578068221011943e-01,-3.419108603991529716e-01
-1.630584776466081021e+00,-5.496775269181354284e-01
1.378448428239290147e+00,6.679129754247985495e-01
2.011916237010909214e-01,5.543250144515990963e-01
6.551374025872376272e-01,6.173996132246362123e-01
1.426368888567385584e-01,-3.453001047448049365e-01
1.223135714234294902e+00,7.732913419419792378e-01
-9.691715759217515158e-01,2.709791271258242262e-01
-1.548908047702477697e+00,-5.601914698340318965e-01
-1.597129546569789005e+00,-5.462113449245428187e-01
1.518338456535409442e+00,8.897119817195466851e-01
-9.593289693678013208e-01,-1.212559237908317877e+00
1.540489609116785008e+00,8.703496677413614657e-01
-1.365512181917150514e+00,-4.889818947428664075e-01
1.338879890031983821e+00,6.045385732671036960e-01
-1.045211180074558932e+00,1.838268955409602667e-01
-1.098666348282227645e+00,-5.295975177439639081e-01
-9.628241255661771358e-01,3.294058752242632337e-01
2.741929130609768173e-01,-9.264117531870950106e-01
-1.182406493439996042e+00,-4.447956287015711885e-01
-2.738141099686752789e-01,1.719123973162997032e+00
-1.399174489470007554e+00,-6.383771563907635338e-01
-1.259462989855376636e+00,-2.381936262375009550e-01
5.435580794588345394e-02,-3.231449141469606295e-02
2.726204968051300082e-01,5.529370407287562683e-01
-1.057726419960719255e+00,2.169568535672431187e-01
-1.274560735496244490e+00,-4.410595259831524007e-01
-2.009668414247309798e-01,-2.484083977653060438e-01
9.021518282185227999e-01,3.485746152880322413e-01
1.488100689037182400e+00,7.809557549670487209e-01
-1.262526428751557406e+00,-9.292128538702828511e-01
4.878160245183733867e-02,-4.626226930823319067e-02
5.183882237936308091e-01,-2.387999920871679116e+00
1.170689446177749282e+00,1.155189160153605732e+00
4.820013014093015302e-01,-3.849421331631216470e-01
7.258284202923162010e-01,1.301158869780022487e+00
1.078634061065266048e+00,7.458526740694200186e-01
6.598648693832212531e-02,5.113521495642460446e-03
-1.648800164037851124e+00,-5.510540632820747353e-01
5.748506140145535070e-01,-6.676791744238991244e-01
8.080068501648152157e-01,8.734281398985190847e-01
1.148381241619684356e+00,7.415617116740459425e-01
1.355749404615333331e+00,7.190971996080236517e-01
-1.027010967519274676e+00,-8.977589888718964239e-01
-1.492711276679990373e+00,-5.774575190031757677e-01
3.775213884471965708e-01,1.208309819710530419e+00
-9.636512280542831599e-01,-4.172993910042930299e-01
-1.406218753221267104e+00,-6.361024374552328720e-01
3.762940376665232511e-01,9.957211547064018786e-01
9.737685988905391277e-01,-1.855710077798166519e-02
1.044627757375745647e+00,3.032814612287376699e-01
1.499983754112830692e+00,8.514617157278211446e-01
-6.272479267732306019e-01,1.819814673055811238e-01
-9.969443111077215258e-01,-9.484309117003719702e-01
-1.592219872743774189e-01,-2.517335506147116764e+00
-5.726959847963185579e-01,-7.825252736798380404e-01
2.857465590070787376e-01,-4.071923283582576936e-01
-1.550557522114403231e+00,-5.313177219940078411e-01
1.567681101029748225e+00,8.534040233893205318e-01
7.470338868995259896e-01,9.700283823647029013e-01
-1.159978760022647659e+00,-4.447500693430727070e-01
-1.402434107717454470e+00,-7.842860233585186025e-01
1.225541567179889269e+00,6.059520441700712023e-01
1.600539139947430689e+00,9.176000115531350865e-01
-1.200390212949770552e+00,-2.228432342347516637e-01
-1.207542685224077372e+00,-2.546211886618075515e-01
3.773465474763856853e-01,-4.560768744146854181e-01
-1.432510019322353667e+00,-6.407278567607536113e-01
2.602372484032186017e-01,-2.156901877678781609e+00
6.425848065026312783e-02,-2.013434851690218075e+00
-1.276520781952942052e+00,-3.296438896848020161e-01
-8.267728097533312281e-01,-3.907746410599685083e-01
-1.073744727475784977e+00,-2.213935543072857171e-01
-1.047683618884466816e-01,-2.986349733779869009e+00
-1.605261772807811793e+00,-5.551558999580865628e-01
9.051258772127167562e-01,-1.436907402332872286e+00
1.212575905551577682e+00,8.279869220937317031e-01
