6.878801048736971069e-01,2.003805296233159838e-01
9.044615961292112871e-01,1.257938808692196320e+00
8.060910699863086393e-01,1.013585047244400794e+00
5.867306326000193417e-01,1.569793275824118872e+00
6.245542946763166237e-01,2.671985540452833874e+00
1.330270871552730050e-01,4.931244155774666127e-01
9.783895327021264743e-01,1.449721301234142556e+00
8.481981113924484950e-01,1.096937485433959969e+00
1.790491881744156188e-01,5.473634481759879211e-01
6.205854221190953979e-01,1.929315750909773364e+00
9.758574172521857770e-01,1.470057998205264393e+00
9.114264222369790058e-01,1.336597054470831658e+00
6.465065702984131857e-01,-8.637938061153316305e-03
6.832703731737915787e-01,1.060742002146030760e+00
6.650773164385092029e-01,-1.723545916283431012e-02
1.678531336177034872e-01,9.297632290947438483e-02
2.567587883332519416e-01,9.507475731694519094e-01
9.344895406614868172e-01,1.427604877639252257e+00
6.819602236471561385e-01,1.330658986844865499e+00
8.739925993946001670e-01,1.192663336632844961e+00
2.588138700481195098e-01,5.647009856119001858e-01
6.919808443736730208e-02,3.940136376862261036e-01
4.008378790521637258e-01,1.055509879297014120e+00
9.462549884433174574e-01,1.348079843017765178e+00
4.075527064903330388e-01,5.843051453593799405e-01
4.435884835484361632e-01,1.017938315210012989e+00
9.291899765767087649e-01,1.330788416802497043e+00
1.945879851384959558e-01,4.286302889768533464e-01
6.065390527180626323e-01,1.449657019761336318e+00
6.880841432683737491e-02,4.219490501652775616e-01
2.408480703964656078e-01,7.348325396767385609e-02
5.116017903392470201e-01,1.388688254102515840e+00
1.317034598741944063e-01,4.373247691467366249e-01
1.689457883544838168e-01,5.544464192546370018e-01
5.968990834394379830e-01,-1.522784594539001723e-01
6.982154272040996812e-01,1.063767424298420083e+00
4.089984701956050905e-02,4.952873841599043647e-01
9.045331096684771088e-01,1.343957952955293411e+00
7.897948909246805815e-01,1.011438717418265520e+00
3.083892497294975499e-01,-2.825782487850923008e-01
5.717915245098759147e-01,1.273434306874587030e+00
1.134860009180785889e-01,5.876990310387467664e-01
5.146621699102988945e-01,2.260746085425513918e+00
7.036654265685158283e-01,2.182437591359472240e+00
3.090251634888294685e-01,1.078294224572070581e+00
1.828617387817709217e-01,3.118197340132193296e-01
4.964653824246155756e-01,9.329447252086364717e-02
2.472769800364511550e-01,8.921851750990305030e-01
5.560202582560448414e-01,-2.159356895053268222e-01
1.181330473048536334e-02,5.144825562567947319e-01
9.681094922324164909e-01,1.472237052547931802e+00
5.510798305290250942e-01,1.433054714833868148e+00
5.844731608246744869e-02,5.342184743157133431e-01
2.779089645977911305e-01,-2.671868324800252825e-02
9.103475501752460453e-01,1.252170112695508708e+00
4.636101005324644309e-01,1.225833392825610879e+00
8.750808258883518986e-01,1.273443672606276778e+00
2.496804908598643236e-01,1.126028418060561975e+00
3.260533820363956670e-01,-6.605794395760034021e-03
4.264660339281323154e-02,5.392264507606354673e-01
5.623311804117641088e-01,2.110509750122790074e+00
8.320000660972587392e-01,1.125982884012802554e+00
7.983205099011608796e-01,9.226710940718254594e-01
4.998529020730829719e-01,-1.536164350434771730e+00
7.082722000982170085e-01,1.048948015486049323e+00
5.981345785561051898e-01,7.317057325386279176e-01
1.638518790905849620e-01,3.164694206845763969e-01
2.887620280933249628e-01,4.623300213465658670e-01
2.590055103614267162e-01,7.052949509473955825e-01
3.013635637347678031e-02,4.988539826026160973e-01
6.704870362117201221e-01,4.094620193014878451e-01
4.081257416350009271e-01,1.519614585018610242e+00
6.853452773878854209e-02,6.171491970338670585e-01
9.713882450810186198e-01,1.462345803420709967e+00
9.874783539102318652e-01,1.473466915907484909e+00
1.119705369610056733e-01,3.573627208026903257e-01
4.592745739665419213e-01,-2.606714131422336322e+00
4.036171253645134405e-01,1.205891199620026333e+00
8.608983350427342751e-01,1.102789887443909933e+00
5.359122937165100575e-01,2.136615361334862406e+00
5.453782949347643072e-01,-1.056825369428854966e+00
3.973403012416703017e-01,-1.576884835123355533e-01
8.430329269897156586e-01,1.462750825956590450e+00
8.142665764112706484e-01,9.322466766385869574e-01
7.002050228561367273e-01,9.253246429391877026e-01
3.982290195649528242e-01,1.119386226582109956e+00
1.680666138763899919e-01,7.586630918649507338e-01
8.798794232838242912e-01,1.088247456178971451e+00
9.678061053031737915e-01,1.424319657246311266e+00
3.298875911693514018e-01,1.066375791795531214e+00
1.628249019649250506e-01,6.890836013101164781e-01
4.991700476060184632e-01,3.115356623509014655e-01
5.358537050609347707e-01,3.763177565660620894e-01
6.254184367717134929e-01,1.008905926303923950e+00
2.070874004390268475e-01,5.069921076879820854e-01
8.271979586809694585e-01,1.247002146287599977e+00
1.174817920484944045e-01,5.435275961889329821e-01
5.812368656425914715e-02,5.039901601794558594e-01
2.808389723871901333e-01,6.063032294680039680e-01
6.955520712031454389e-01,-8.527943267645772263e-01
1.560813482874553459e-01,6.548155814571693378e-01
4.993787137730193448e-01,2.157111132413819021e+00
9.276559130812814802e-01,1.397254061823600901e+00
3.244063916314976481e-01,-2.973611620124971822e-02
3.299018760300872488e-01,1.709171714766973382e+00
7.389287024483767174e-01,8.662790072177957157e-01
8.678444762293879844e-02,4.337014956351761819e-01
3.876938239964464739e-01,-2.356676512709243720e-02
3.442267729039495405e-01,-4.769012241875987268e-01
7.614493701927982361e-02,6.425663988108301083e-01
2.604098015767014607e-01,1.092664665126526824e+00
7.219272669542536880e-01,7.919750347265299695e-01
3.252340616609930013e-01,-5.239389232381890249e-01
3.489844984968175634e-01,1.006835962208173285e+00
3.080375807544899480e-02,5.185161863434391005e-01
8.233958046899582106e-01,1.830377397398655237e+00
1.050977160483109740e-01,5.474501965671331183e-01
2.838975860287140662e-01,2.594522473163657916e-01
7.028778931671207930e-01,7.234649179163299415e-01
9.140195731400313495e-01,1.403218828209240598e+00
5.199474007386600816e-01,2.084802602327672005e+00
8.047141982988191833e-01,9.438776390891324697e-01
9.190137952476216121e-01,1.307588300388618174e+00
1.566549515685360383e-01,5.273872998440976012e-02
2.702129471167955543e-01,3.677907271032631042e-01
7.417035320947931165e-01,6.418371287099998712e-01
7.611624081127065233e-01,1.044689059676142007e+00
6.169110939888248213e-01,1.822279333566175774e+00
2.711927560470228649e-03,5.073459085497452614e-01
1.765624872883865271e-01,6.077741732307679889e-01
9.778196040882612960e-01,1.460469999995292589e+00
8.444115557158532459e-01,1.606879987427669798e+00
1.093580226556585266e-01,4.695907393487860348e-01
5.358555105971801735e-01,-1.437144873999930406e-01
9.577070502355736759e-01,1.472666454926353508e+00
2.280204802735757985e-01,1.084040688319661161e+00
5.471774790413492795e-01,-2.696738548641171018e-01
9.758855352149267137e-01,1.473216411543795790e+00
3.147705107109591838e-01,1.365403586814009529e+00
1.110573801748776512e-01,5.254143026732491784e-01
2.650094139073355670e-01,1.072845904381056759e+00
6.936768264876865819e-01,9.206739749330923317e-01
1.690938702591533449e-01,7.008141094796901394e-01
9.935407306420647178e-01,1.498550931505085781e+00
4.701001113321654490e-01,4.927100407294124351e-01
6.641048713111467050e-01,1.101301538227692056e+00
2.225869062453258440e-01,3.649371343171131654e-01
8.828847036535814041e-02,3.282164631135544575e-01
9.967375371117148664e-01,1.488296104627429228e+00
7.634758009921193134e-01,1.931950604697612928e+00
6.541419139582586029e-01,8.526640485485341703e-01
6.701790998129584231e-01,-4.730987913620166019e-01
3.627457472535167149e-02,5.159112852928438020e-01
9.608159132729290342e-01,1.419766680468496745e+00
8.779588306894842153e-01,1.103300616655938926e+00
5.072633329794112855e-01,-3.446016351998570926e-01
4.906507068200705035e-02,4.186886556193650799e-01
9.084426705935192414e-01,1.219702139544976083e+00
7.270396065298845301e-01,1.226484867293476944e+00
1.473072553762089232e-02,5.015339199620351129e-01
8.173834574903953154e-01,1.652782976587855890e+00
6.437589673592030159e-01,1.701619242971783574e+00
5.421090457461033019e-01,9.479652582986620724e-01
2.194580211229338884e-01,6.803065463980901839e-01
6.420953085269216487e-01,9.641124232362526802e-01
2.116355706457597741e-01,6.292284867828967787e-02
7.407111569353109770e-01,1.302499445758238616e+00
8.372557538384735043e-01,1.878137205995209502e+00
8.335763238160110999e-01,1.620822418183750502e+00
9.634253007552988635e-01,1.421390090349739621e+00
5.096852441040818915e-01,-5.436675201503151644e-01
2.419629165356050882e-01,-1.433647634608530286e-01
4.724022038182673633e-02,4.611223259502582605e-01
5.047409203021978596e-01,9.724116182511368667e-01
1.828720849196195930e-01,4.522809721625018486e-01
8.065103793746388749e-01,1.124577385918013928e+00
3.126080130946956581e-01,1.757263823693909988e+00
4.045920798824572673e-01,-2.544220125822789225e-01
2.010064541882939926e-01,-1.280032732860867384e-01
6.651282410277601365e-01,1.194638067883065036e+00
4.497247491114371165e-01,2.355632612681629823e+00
6.000048789472735011e-01,1.868576910433289440e+00
5.718123373592219894e-01,-6.567159738336669772e-01
2.133895828832976793e-01,-3.376356867723043775e-01
3.306675066911514138e-01,1.006427428478312791e+00
2.367917223391193815e-01,7.233732219487235549e-01
4.032753028814379803e-01,2.708818707978121409e+00
3.468008622633439453e-01,1.407197333625314517e+00
7.037091444416848640e-01,9.250507519320583238e-01
7.657685317816887993e-01,1.376127901355539418e+00
8.098224160785393311e-01,9.316705003427174780e-01
7.610587638922755582e-01,1.590796100301770100e+00
2.418339142342496029e-01,1.188738870248803092e+00
8.066079132755635817e-01,1.470794819107571039e+00
6.576591472886241796e-01,1.923390865555276719e+00
8.473197021807659102e-01,9.235364139265211936e-01
1.667803155746039323e-02,4.953151855679430726e-01
5.449621178564587609e-01,-9.237646274646822420e-01
9.199199490290569381e-01,1.469386602109528983e+00
1.631224191848998917e-01,6.408762222827626420e-01
7.423381160408132340e-01,1.104925061144422127e+00
2.864341570001966986e-01,9.813567629803632286e-01
9.352333142660171905e-01,1.357296385093006430e+00
5.445078789772563876e-01,1.167358752498486751e+00
4.577182454182651128e-01,1.844314065482852039e+00
6.720115692231486415e-01,1.334384522502837456e+00
4.969065246433757022e-02,4.377627324727878522e-01
7.955021621765071549e-01,1.474378945114875661e+00
2.699152037586866060e-01,2.558826863257507300e-01
5.240211743793152799e-01,1.027224332546156527e+00
5.509952651052091310e-01,1.556802419600038290e+00
9.540599294604068525e-01,1.481793947171634596e+00
2.257446950433386057e-01,1.548364041641588917e-01
4.060225587300680949e-03,5.205474649739125770e-01
3.107897324442360221e-01,1.879960850305197884e+00
6.845957917055893738e-01,5.534869484425590791e-01
6.322393637334825511e-01,8.777366766409649967e-01
9.219184267415996281e-01,1.358239766762979528e+00
2.214007685607667364e-01,6.441996346755327618e-01
9.005355865073129129e-01,1.238933424242145698e+00
7.326303354253491662e-01,4.474846948113998524e-01
3.588236478067444724e-01,6.563699544547292319e-01
8.252442003038842344e-01,9.730387246480759478e-01
8.931896574184496895e-01,1.252295784892943686e+00
1.033669036598350299e-01,4.674865164993533551e-01
2.357887175934835211e-01,6.194194816964395667e-01
7.034092824797122390e-02,4.817827676961827787e-01
2.468337929659615293e-01,5.979563196836226169e-01
8.778258861011917213e-01,1.432062806503439756e+00
9.916951029084082325e-01,1.466522696862531561e+00
6.550994998630930155e-01,6.915490931713649259e-01
4.299491883581999518e-01,1.762357846000420558e+00
3.359679388559699831e-01,1.758194133201715026e+00
2.319635777190548476e-01,5.592509387225472750e-01
7.770053940177031881e-01,2.451173877579075899e-01
4.894053121733975553e-01,-4.413686917029391310e-02
4.307686337114826625e-01,1.645838658866174864e+00
9.534892578620434156e-01,1.380353134784007674e+00
2.944921508467432947e-01,1.787495016014738258e+00
6.016533881818182383e-01,7.855547034287709840e-01
4.498330620184356476e-01,-1.684058965331675317e+00
6.864177341847095271e-01,1.716848879574511155e+00
1.087835686193565632e-01,3.135655897992697949e-01
1.483334314575901480e-01,6.061582895995872855e-01
4.225629901521512632e-01,1.512454988049712679e+00
8.261250544778022675e-01,1.529672830713650011e+00
8.441991167925619877e-01,1.471621136298544963e+00
9.486170233095055915e-01,1.388390615856189170e+00
2.401512159895284881e-01,2.882779617508207104e-01
1.086006079219459242e-02,4.746156792786054290e-01
1.863158581453769891e-01,1.700184896397666234e-01
6.062211579138020445e-01,1.593265163375415128e+00
4.068785935227523520e-01,1.245977229462776226e+00
2.650822664006163842e-01,4.340187144196221980e-01
2.518459782340753961e-02,4.924516158441025748e-01
7.599186210200788993e-01,9.762916841346268582e-01
7.560451536074903611e-01,1.242495458566223787e+00
8.532390349922739370e-01,1.492712390616746987e+00
8.875323138219772812e-01,1.402697833526157511e+00
4.283423156411888533e-01,9.780789996405943043e-01
9.244790960227299292e-01,1.451991205135846341e+00
6.484695855764632810e-01,1.909254114009525161e+00
7.763997883135117517e-01,1.123830707459041234e+00
4.138317559603941209e-01,7.805115087932585904e-01
4.173336117048022098e-01,1.040007646307614664e-01
3.395417931466898631e-01,5.623490243326600968e-01
3.939444406454454262e-01,3.701994687934240247e-02
6.683278401859771289e-01,1.412498549575950113e-01
4.696993612627141657e-01,1.864810753781327435e-01
8.423295742228044114e-01,1.385494588004553940e+00
8.058038349784468757e-03,5.217290444337864264e-01
1.481236256421095687e-01,5.904655291154357055e-01
5.133950486004854596e-01,1.905143327453778124e+00
6.965865893799916275e-01,8.743723288766437340e-01
9.126966183641282981e-03,4.911514062633899891e-01
2.561725628826774237e-01,1.149741030628533833e-01
8.844299018536405654e-01,1.160189354792241279e+00
9.329827191227456629e-01,1.363237421287095685e+00
7.319666320603833709e-01,7.725041487249026950e-01
5.548285163017270261e-01,1.376722232851730565e+00
8.900101833904460191e-01,1.422970649145030464e+00
3.045450348409735053e-01,8.891454914523622133e-02
3.178916756951015721e-01,5.386956255356859513e-01
4.597810483249350488e-01,8.665399261727424474e-01
5.496939722627742775e-01,1.633223140931156614e+00
7.184040532578350735e-02,4.951019387089896640e-01
7.974938911679646525e-01,1.405881889091687986e+00
9.219459989773186592e-01,1.425455770040541248e+00
1.059994012629497107e-01,2.916855034517062961e-01
9.478153771673196726e-01,1.443075777369218216e+00
1.082202058617386387e-01,4.904045571207819032e-01
6.189936619902329795e-01,2.068268315138102054e+00
2.983769849164568111e-01,1.117155811974162694e+00
1.809825159596575306e-01,5.641097305354374480e-01
4.721691480218938031e-01,6.948258748631384041e-01
1.070999670052166231e-01,7.088848597434744825e-01
9.585269270658347551e-01,1.417995675349902118e+00
7.149787612722254826e-01,1.025927360799059551e+00
7.759058773221352290e-01,7.865913244783178104e-01
8.425922382374413377e-01,1.280329849773837347e+00
4.135113936568505233e-01,1.603405374916103465e+00
3.639369307547385413e-01,6.052318108309047151e-01
7.512421304407645994e-02,5.045510268699616718e-01
1.852324713632034214e-01,6.471047600754163964e-01
1.217533937677830469e-01,4.792890798441283295e-01
7.125412387937545278e-01,1.078626935240253548e+00
8.177450935509397167e-01,7.745691757016731627e-01
7.373787265717868245e-02,5.392638871640942355e-01
6.763044329830868451e-01,5.554343107759793785e-01
1.375762142633552010e-02,4.861952964384567699e-01
9.283678391187758505e-01,1.362920918899971578e+00
1.605176970976535111e-01,5.827942861974287903e-01
6.313987389887341095e-01,3.931598964652073258e-01
2.271765902109740276e-01,9.538770729140007010e-01
5.957662976896382911e-01,1.884112648897714459e-01
1.543828456677792671e-01,9.100051205961232625e-01
9.351796690557917513e-01,1.316088569426381305e+00
7.538093559919627484e-01,1.303405755941888788e+00
5.575130504389735897e-02,5.116076940267363371e-01
3.508339599113877716e-01,-1.071264753504881373e-01
6.447235436255875918e-01,1.673063526948502577e+00
9.644643802908231534e-01,1.403842976728166381e+00
3.317098721016712437e-01,1.029921381527166835e-01
3.646274685143224836e-02,5.037621564925204298e-01
1.601124248154983665e-02,4.929475623738790446e-01
8.919877690867910047e-01,1.340846199174873465e+00
8.287509075339788422e-01,1.108359143946584524e+00
7.634792069354524591e-01,1.193922897584700937e+00
8.265229805935034868e-01,8.849235531903164587e-01
2.402781099474438076e-01,1.325787309785380952e+00
8.399711210068391276e-01,1.250872716817583274e+00
6.830400579841284792e-01,1.359398141480710143e+00
5.002078679547264928e-01,-4.616837142874041788e-02
1.700897810630146445e-01,9.042182215082039676e-01
1.692568675035143189e-01,1.217969262472238245e+00
4.598667565470858642e-01,1.189919973076082771e+00
7.408646471490551999e-01,7.700523248972177548e-01
6.234830699887314864e-01,3.026438419404255065e+00
1.451529083886342608e-01,5.890099491841332968e-01
4.661391602994300332e-01,1.189075934399292045e+00
8.894772005120354930e-02,4.392998115110323676e-01
9.342889289717507539e-01,1.395850727374956080e+00
2.736700598686130359e-01,2.031471025161369681e+00
7.920754836198667936e-01,1.017746657563082469e+00
2.776646660128712085e-01,1.141887625044217591e+00
6.644170396308372029e-01,2.882639682919755364e-01
9.724124366851973900e-01,1.441242758243235222e+00
7.142695214287569927e-01,1.458292940529587245e+00
3.045080094394335690e-01,1.699625182737738882e+00
9.500760257777175477e-01,1.442634663283774987e+00
2.178575457958767947e-01,-1.842926066851180433e-01
2.522113298997863406e-01,2.389169465006346638e-02
9.072328202313343359e-01,1.246044688825032054e+00
5.221670334254917556e-01,2.502199045047019954e+00
6.154573269019392168e-01,1.375394703517977213e+00
5.469904607651261408e-01,1.612259150824516540e+00
8.735378065585450713e-01,1.660818891232805239e+00
6.149174721671756272e-01,2.984816102278141869e+00
1.646956299199600071e-01,6.612624338888648534e-01
2.567211370533402093e-01,4.733215448857319707e-01
3.468875320974940113e-02,5.718758149454468143e-01
5.981699088788350327e-01,-7.130765937418734879e-01
2.360410058749061735e-01,1.428104323765146511e+00
3.537466756838389959e-01,1.718031871522643694e+00
2.209203430608920327e-01,5.434473685939448240e-01
8.529160818794917498e-01,1.338786318805043951e+00
4.112517611345174462e-01,1.468284672651712919e-01
4.569049634844716268e-01,-4.906086013674677559e-01
6.860051016342865182e-01,9.530455753596577262e-01
2.112042459601701783e-01,6.123843581490162613e-01
9.696009122536681790e-01,1.439513720488966975e+00
5.489901230067518734e-01,1.400134487773570413e+00
8.214108782542973719e-01,9.241139446981323502e-01
3.736077240919746245e-01,7.119961023679589607e-01
6.077826351835365903e-01,3.419753511615143404e-01
4.668948023056054275e-01,1.103775170680608486e+00
8.843936067967237413e-01,1.178755588195391724e+00
4.896875221342669171e-01,-1.005107306405107703e+00
7.637148663066108956e-01,1.402927563306587189e+00
4.295424704656658488e-02,4.780187541156923348e-01
4.377664092189780254e-01,-3.144158796924696464e-01
5.094879299774881520e-01,7.341077451261668330e-06
1.836255090273086754e-02,5.156611158759869529e-01
2.151017986646317492e-01,9.205289848085234095e-01
1.480361660030407034e-01,6.172384223090590094e-01
6.349992449980749187e-01,1.577568685745904364e+00
5.234491867001020982e-01,-6.607050786674362186e-02
5.764428652990827295e-02,4.520552258085674402e-01
3.491980242084150587e-01,1.111231778680238369e+00
6.999953229969517743e-01,1.236098640328404885e+00
9.196292412487319101e-01,1.411074653520068889e+00
5.823618660008860193e-01,2.042432111379806958e+00
5.329445442490621243e-01,-5.929347201550838609e-01
2.832355982215741808e-01,3.880104155068609950e-01
6.588497894319714776e-01,6.583344241338107139e-01
6.142343764179387655e-01,9.423306099461491447e-01
9.490345103629052037e-01,1.454580750725668947e+00
3.927015763256097580e-01,6.841990155676649366e-01
6.280720981558574056e-02,5.087524682024450184e-01
8.747280226444076323e-02,6.282173541305821063e-01
9.625229869558977747e-01,1.435044228300950131e+00
7.186810898031538164e-01,6.253394299845027593e-01
7.616588382719871042e-01,1.372774054169657143e+00
7.728820424755491469e-01,1.373319729753554430e+00
7.369269753648944876e-01,9.459289538996442648e-01
8.852052728816828253e-01,1.305671828145177793e+00
6.251130281319686732e-01,3.771563344013592056e-01
3.002676308824835383e-01,-3.074819108071482621e-01
2.871872321920149185e-01,1.089488615911306191e+00
5.299054929276840742e-01,2.184555316295241134e+00
9.441690179252841819e-01,1.431028612711189307e+00
8.315666134433431500e-01,1.234274231314966608e+00
6.744953986418115166e-01,5.925951121215767836e-01
2.538042449501743958e-01,6.577132288537546057e-02
8.196492196646466555e-01,1.466897047686045452e+00
6.227589584992693217e-01,5.827575649365472898e-01
1.543332027266153261e-02,4.872415221336331426e-01
3.327659240480416170e-01,3.365209895384159156e-01
5.713534819798831155e-01,1.349572923605975916e+00
2.153930298603409232e-01,4.959962348710123536e-01
1.822230389010803808e-01,7.445148115869462124e-01
9.499252308678930445e-01,1.436733145880637386e+00
9.251011200757599529e-01,1.353107444738753884e+00
8.016719146821023045e-01,1.836102360544918488e+00
9.813984036000995559e-01,1.473276043408395131e+00
5.860251561046283530e-01,-1.346999042570368177e-01
4.814733164439742863e-01,-6.580867446497884465e-03
7.739823254104216677e-01,1.094736409374361452e+00
7.233876864584873889e-01,2.017053059495683698e+00
3.179134233880975824e-01,4.526656424336338858e-01
6.431869828205706296e-01,-8.040586517874106498e-01
7.729275786183220642e-01,8.661499013653171097e-01
7.787797630641812852e-01,2.649137242513155410e-01
5.631372175034395910e-01,1.887369553263161137e+00
5.484141997814336866e-01,3.814338591275400758e-01
8.193245367534252033e-01,1.020836265439266199e+00
5.858687411533560763e-01,1.439553727499785385e+00
4.101460170952551110e-01,1.220465322048520651e+00
1.023224716636825793e-01,2.084238803858884381e-01
2.738106602925216571e-02,5.057595385225100992e-01
1.619269670115144333e-01,1.794577887526937476e-01
9.515235933099842613e-01,1.436122096949523419e+00
2.831074914811377852e-01,8.808166268955233136e-01
4.389136857192811325e-01,2.558201100898040981e+00
4.546921985059376725e-01,-7.651005561822895595e-01
9.146400896771976763e-01,1.252158768834699121e+00
8.878715944818497130e-01,1.391359641611095599e+00
7.319899917071978068e-01,4.261562170734364274e-01
5.124206723398242458e-01,-8.797489788760531892e-01
9.934630566887893144e-01,1.478427886992495388e+00
4.204438380716504220e-01,2.516490208349622115e-01
9.830984927153284536e-01,1.484212465134328252e+00
7.420708008051405402e-01,1.680183146364993885e+00
6.871782611577804678e-01,1.089338254760690017e-01
3.336132239857239057e-01,4.006824037229464452e-01
2.897813890510595458e-01,1.007729659565217428e-01
5.828303303343759234e-01,7.035975208530313996e-01
9.857481732483687198e-01,1.462198935052495541e+00
5.626457377552497308e-01,-9.299119578952652621e-02
2.767144857359919996e-01,1.152861479719837767e-01
2.734603586209625181e-01,9.517717227686617321e-01
8.111654829821465240e-01,1.788084151024675439e+00
8.527855006774804902e-01,1.486028998551080615e+00
8.680218471891756327e-01,1.175041557763472300e+00
1.597828796256811623e-01,6.692312793153769590e-01
4.528878022223158384e-01,1.709315752191308491e+00
1.115193801446523469e-02,5.117260454242003043e-01
5.436574596140031357e-02,4.202867357756910893e-01
5.331379045196675825e-01,-4.490795448305984205e-01
3.955997180446459982e-01,8.898309012346323765e-01
6.986951593612252820e-01,9.145955680577908531e-01
3.917620118742685120e-01,-2.843995191934908240e-01
9.163691980030053141e-01,1.338905557878083297e+00
2.110474400581031640e-01,9.593485087969632064e-01
4.588166358193142003e-01,6.533889792258524842e-01
8.581774792742071778e-01,1.190298684516432060e+00
3.858261780301464050e-03,5.089987851170197919e-01
2.967899182980652251e-01,-2.016176391058632777e-01
9.521899919074077179e-01,1.379092039778465173e+00
2.948950737123845478e-01,-2.114526775890457344e-02
3.165054671445521883e-02,5.451819124328424193e-01
9.271346937988544923e-01,1.417030746969686783e+00
6.722346482975398718e-01,1.469344977174855460e+00
2.146593061647742440e-01,4.049373591529928929e-01
3.935842623017338227e-02,5.151892246712523882e-01
2.735043058993852361e-01,1.001066623729049754e+00
6.021724155631520414e-01,9.421600339718987360e-01
2.386689179942208527e-01,-5.117808649370292340e-02
5.018687738924207942e-01,8.758223836906894322e-01
3.527491048138261531e-01,1.004918509627321876e+00
3.795775507326472065e-01,5.984681080149110155e-01
1.191035210858255589e-01,7.120419227364973569e-01
3.216586494671115348e-01,7.725519381434748922e-01
5.023686553158384083e-01,9.541945032141393446e-01
1.080193856032073407e-01,4.708076366283237557e-01
9.590823638517552707e-01,1.424410380272165044e+00
7.306774642861654234e-01,1.032581925720819083e+00
4.049619158915498396e-01,1.586434635648946045e+00
8.334501760804725601e-01,7.748530602551841895e-01
4.722561371439721878e-01,4.152083561714661197e-01
2.814769327325700177e-01,9.416411384174001586e-01
6.203463303126521833e-02,4.528121508386734329e-01
6.518997813811965303e-01,2.182807481982067976e+00
1.076012988807432125e-01,5.238436320798535162e-01
9.187951048401984400e-01,1.292145881995219181e+00
2.809200443690139659e-01,1.023777492035577441e-01
3.782001143244733132e-01,8.813448057201853647e-01
5.910061108725055412e-01,8.614908277042673257e-01
2.440617189200289250e-01,3.347788865727974184e-01
7.435316849641829817e-01,1.209335055940907955e+00
6.605046534534316782e-01,1.223135125997102612e+00
7.593511442244337273e-01,5.431481743290530462e-01
1.245286832264255183e-01,3.605505231075717409e-01
8.495444871153652322e-01,1.207740219425362582e+00
2.261390594981789182e-01,9.245903203149380412e-01
1.886473102965522397e-01,2.747036261149964353e-01
5.777080295835730350e-01,3.289328477509308790e+00
7.859692932643603802e-01,1.323848521418534041e+00
8.737484431086850467e-01,1.150937535957462732e+00
3.561650781976535285e-01,5.223783795856218326e-01
3.217426578368245416e-01,7.215768215478099989e-01
3.850810879445593082e-01,-5.128695023585183588e-02
1.669163752196667350e-01,4.323661409745052642e-01
1.259020900793884623e-01,6.512633407961103682e-01
3.487513434728329864e-01,4.183297043814675487e-01
2.816017696863558628e-01,8.807284837421573975e-01
3.432436094857058695e-01,8.756277552962673516e-01
8.051308059798325534e-01,6.663213248369495023e-01
1.754821941211544001e-01,9.659677275205240665e-01
6.572390439051855049e-01,-3.818547543368081554e-01
6.701330432409277060e-01,7.069144927344312990e-01
8.120413272740771848e-01,7.510582267420228275e-01
4.949809319068687596e-02,4.325933610472749713e-01
3.771355186840729123e-01,1.347500419835041985e+00
3.275740846257476635e-01,2.452334301645130443e-01
2.651231285512440916e-01,7.118809857092343041e-01
2.356727788840098370e-01,1.029083448316596705e-01
7.630605556541697476e-01,1.431765714084845431e+00
2.754418581696749246e-02,5.044506528948664581e-01
3.854998887410566732e-01,-1.906199236789890561e-01
9.116581307745617035e-01,1.351799816534704712e+00
1.959424276338578297e-01,6.969392997956226354e-01
5.095248846820175093e-01,-1.481829471081529404e-01
8.277108188445714276e-02,5.492997723493429074e-01
4.485222847886908282e-01,2.062192816511505988e+00
8.687584496027176417e-01,1.274568659673521731e+00
8.968369593235059334e-01,1.370417052245856970e+00
8.266343309975228149e-01,7.108593449484321702e-01
2.405645119255032105e-01,4.295936795652221529e-01
7.997333803276095443e-01,9.613884092784649171e-01
4.903582022041992339e-01,6.357717970765836002e-01
6.430832408385989130e-02,4.218275593146365576e-01
2.842619464724811529e-01,3.728759119401543476e-01
2.199926450251598053e-01,8.382992854358914947e-01
9.629554958276312915e-01,1.409162999194324639e+00
4.072116186768172108e-01,5.280694463231365710e-01
7.854681300175823111e-01,1.050323816275124722e+00
9.766778260817181589e-01,1.445292857356112348e+00
9.879033983063578717e-02,6.295649302813777215e-01
6.485153621406944957e-01,6.722073797040987175e-01
3.679365918788838341e-01,1.601980836178355627e+00
1.214490506695151684e-01,3.107361499466620991e-01
7.604768885339852069e-02,5.093027894418157286e-01
4.833249679099930196e-01,3.127992149481221951e+00
9.285290000458991111e-01,1.488695341539649997e+00
1.203709155346049942e-01,4.765918558786151338e-01
2.514640698692656162e-01,8.462473346973337085e-01
9.624150843785905796e-01,1.446084948942687909e+00
9.027830864191004334e-01,1.168030584072418554e+00
6.713571886158082869e-01,1.772165972628072517e-01
1.687708266911153165e-01,8.276614117600573639e-01
3.513367835521363780e-01,-6.121896331170697536e-01
2.660444515439223112e-01,3.655965266089306054e-01
3.947432621538710107e-01,-3.484848770815707208e-02
8.440957410839639019e-01,7.663764483508316294e-01
8.651703686020881801e-01,1.212111774468554337e+00
2.661036516468218149e-01,7.753929632718956633e-01
5.988054212611715332e-02,5.538081495473703431e-01
6.867114203846883536e-01,6.552939855097239530e-01
2.009855402214228981e-01,4.551412284476357151e-01
2.920314406288360143e-02,4.976465872361321985e-01
5.074336492903235296e-01,1.330691515344604170e+00
5.744251112437274154e-01,1.049975629751552786e-01
6.900937452414064310e-01,2.380455710404365099e+00
3.715328619264441912e-01,1.058774697634039974e+00
2.423463515048467354e-01,1.182085813891191606e+00
8.721566194779754033e-01,1.538560644525728049e+00
8.074265048011028956e-01,7.245590483258484982e-01
1.566093337573518651e-01,8.704302174449669582e-01
1.039085644512465212e-01,5.500445368325842521e-01
9.837644348083698365e-01,1.460324558646760362e+00
6.246673481715000475e-01,4.187571209008316697e-01
1.514831586415046338e-01,5.380406822993560878e-01
9.763065105613744077e-01,1.427304701379364049e+00
2.390438657680812318e-01,1.032497961442125911e+00
3.389945123139338490e-01,1.207747970471714671e+00
5.410863751559115142e-01,1.110340381657466180e+00
7.477473778630674417e-01,8.933763232342334382e-01
3.138391295548503823e-02,5.213954163798897312e-01
7.260603140920734999e-01,1.392579897730953142e+00
6.221943383414815232e-01,3.539332921676501265e-01
3.571644000148134213e-01,-6.533554869261591902e-01
7.963901766164602769e-01,1.307896526122078740e+00
3.162434251557568743e-01,2.964504002567954766e-01
4.456950767210807740e-01,1.005757461963273647e+00
9.770020150299844053e-01,1.434346791361621687e+00
9.993421737651472236e-01,1.506847707379464385e+00
9.695435911561891551e-01,1.397699374145894957e+00
1.485163440977159688e-01,6.452756839933184718e-01
8.318065111185357630e-02,5.649991821131620240e-01
3.720990091671987354e-01,7.455421732702668391e-01
5.842541032798896916e-01,3.511226499935607426e-01
5.567203956455970548e-01,2.732139397218980470e+00
5.382183033131618943e-01,-1.501164468484013526e+00
8.005846976343233834e-02,4.741968224752189376e-01
9.190254212780979426e-02,4.581129388985586415e-01
5.394585032684758863e-01,1.031051553486487027e+00
7.676322661206461673e-01,1.100109184030549914e+00
5.582972874956397824e-01,2.129654285561048521e+00
4.653503622549248764e-02,4.249576712524473776e-01
6.411302865411239171e-02,4.892623269805426167e-01
5.979172992339221171e-01,9.626066372462072085e-02
9.337625861940705985e-01,1.282831369786214148e+00
2.727698331136708676e-01,1.159148453908351639e+00
7.021101619692051710e-01,5.613918855423262189e-01
9.331452992664834856e-01,1.334362303752821610e+00
4.080430566610238063e-01,1.829988216615629604e+00
1.727909893243270156e-01,7.129586520322859222e-01
5.908900699491081987e-02,4.847987952728258221e-01
6.645348709691922817e-02,4.812749758663956157e-01
7.436974872278493409e-01,8.929279198239453708e-01
8.496663198259891692e-01,1.329212758614488177e+00
7.907224932648067028e-01,7.197682405482598300e-01
5.807812348284099313e-01,1.413669133747934570e+00
8.728237132155280964e-02,6.446619489514596735e-01
4.851007637670380346e-01,1.277158088149481063e+00
4.406557511059225885e-01,9.214933514836136652e-01
1.715510446918779852e-01,5.561770088943385204e-01
4.087974435134933415e-01,1.700577091419836595e+00
9.176710513301334915e-01,1.288028445694828106e+00
9.952060876697129688e-01,1.478272709731634160e+00
8.737352900460867433e-01,1.241581096247657889e+00
4.372743563947759649e-01,1.426658361251458729e+00
5.719328376703657346e-01,2.093778998914702649e-01
5.033747478572986322e-01,9.369235090003991129e-01
4.245776747112391947e-01,1.068755278686619903e+00
8.602312618670163724e-01,9.422095804910279870e-01
5.657155480343420972e-01,4.876652046483123670e-01
9.921263218564428943e-01,1.483673217329578131e+00
1.492247516457170242e-01,3.988121907669349708e-01
7.742541273683969383e-01,1.308233699449055765e+00
8.611608342751753131e-02,5.679804672798737242e-01
4.642025790274160180e-01,-3.557697445159891947e-01
9.264445677593396988e-01,1.331629103514065715e+00
3.643710734858777167e-01,1.247815167647152723e+00
9.331100583127766024e-01,1.368707991346054920e+00
6.040138046271151806e-01,5.588124858778735771e-01
2.886950864516272253e-01,1.069104927065111621e+00
6.898573273584792664e-01,1.597165598779432871e+00
7.763727508181483827e-01,1.208421582903397296e+00
9.204364324064342462e-01,1.319849769162977360e+00
6.891127871282750617e-01,-3.854370765250522135e-01
9.045168700568892994e-01,1.366054685361772769e+00
5.983552570108594537e-01,-7.846272244756915537e-01
3.771921023772427661e-01,1.659299950109480726e+00
7.057668339923850453e-01,1.212006712064477743e+00
2.405053763263023114e-01,1.012464477255653472e+00
2.494538430179989996e-01,7.024310845978064544e-01
3.367407068943228943e-01,4.656320694802253968e-01
9.830449301534447404e-01,1.484629454449462038e+00
3.738212208984647011e-01,2.006038323991334416e+00
8.152328870524647719e-01,1.831808186782875048e+00
7.624611877092191126e-02,4.951084543595218324e-01
3.862917157559958570e-01,5.666763353873701670e-01
7.384424865418002248e-01,1.301729172586763905e+00
5.081110109299213917e-01,1.888956789291172500e+00
8.984016086661229528e-01,1.314421390699479941e+00
5.803254750403979978e-01,7.155196150487407314e-01
8.112415075322869651e-01,1.213727230395225121e+00
6.894498479536641522e-01,9.834801649191402539e-01
9.629613413713191683e-01,1.418497450112281788e+00
8.837435261801390718e-01,1.259782249009377741e+00
6.367454423540155339e-01,8.764548052865370753e-01
4.188409406221228481e-01,4.282976695823705882e-01
9.004760319130975521e-01,1.326646434989399825e+00
2.030531925722067754e-01,7.435162166401032557e-02
5.929302406484370236e-01,2.229100147686521316e-01
8.616896661307700267e-01,1.081628972891279572e+00
5.753010879704224534e-01,-3.810224396274530800e-01
4.934700479223327330e-01,8.437297033430719573e-01
7.403342151446782315e-01,1.259518897522408309e+00
4.325835188251581087e-01,8.674641736808026415e-01
1.618165360132834962e-01,6.180776894313070313e-01
8.650380874763157202e-01,1.149668111285854000e+00
5.573838868172764638e-02,5.227834163034456028e-01
4.006554265598508691e-01,2.731898293793544319e+00
9.642560164690336943e-01,1.454883750113762808e+00
5.045321087619684119e-01,9.003409170410410223e-01
9.285958124840487660e-02,5.162760712574987476e-01
7.855753208852179759e-01,4.268617198072405250e-01
7.748843762170323224e-01,6.171967942846635635e-01
4.798272951471382886e-02,5.725833435824178030e-01
7.801436134118692189e-01,7.773616642307547009e-01
2.757281700611514674e-01,4.398497978409038334e-01
7.693468973674230105e-01,8.568751745675704523e-01
6.097772775377682253e-01,-2.206404022015151511e-02
9.247349984447350568e-01,1.268256658578636564e+00
9.966940733168934141e-01,1.510317263377815689e+00
4.673762807350931858e-01,6.733817865098340461e-01
6.493770538416128169e-01,1.872534267960325183e-01
5.477373179634038580e-01,5.252260194164191098e-01
5.870680416134577140e-02,5.687842654724587499e-01
7.662776055103388551e-01,1.423873394158249539e+00
4.668218587518931928e-01,5.572298946697780142e-01
6.286366363809636759e-01,1.559753472194278068e+00
1.025053849525968674e-01,3.530156726460485506e-01
7.330814218876136046e-01,9.498205125799753512e-01
9.414987616051532227e-01,1.299279393975120378e+00
3.368934524065054781e-01,8.983190088599612988e-01
6.092391424645934306e-01,1.908696600487475248e+00
1.762902058381360382e-01,5.148017930067231296e-01
9.434364346764800846e-01,1.351112663959209259e+00
7.494117529863428828e-01,1.627756122332987276e+00
5.617041647940131943e-01,1.257498294912909653e+00
1.292714935562213618e-01,3.440156172041674565e-01
2.637129068790419195e-01,3.582570681590330763e-01
1.411570319908322935e-01,6.286539757829836539e-01
1.336844264927389281e-01,4.492141202370671382e-01
3.532805679128618870e-01,9.817480963881675127e-02
5.909199017948237875e-01,2.749435882766693151e+00
1.645707537386712493e-01,7.238942030295153485e-01
3.115569443938664973e-01,1.007766727872541512e+00
2.982673417269554594e-02,4.949706384034531226e-01
3.980040552471808546e-02,5.332436154812609796e-01
4.078815405382896220e-01,9.007040645837618431e-01
3.185504186682817096e-01,2.201457513707469893e+00
8.070494532102971963e-01,1.378291526728135041e+00
9.059081721143780186e-02,5.928837878099528780e-01
2.151719075880922372e-01,4.787056887586374487e-01
6.475018643538186236e-01,6.733982083630658533e-01
5.708041072278137174e-01,1.262718238831946671e+00
5.427217471976517604e-01,7.873685663892409092e-01
9.535381249430218142e-01,1.393406784283380384e+00
8.173853127813717201e-01,9.527875300191952501e-01
2.714038280793025226e-01,9.199813751308670851e-01
8.441609424959162222e-01,1.355498882067043276e+00
7.179548978326594222e-01,9.972000997334380390e-01
2.717802546564438426e-01,9.591530122847834461e-01
3.948769091614845461e-01,-9.582030374321757193e-01
2.539819472700447500e-01,6.182277845276290540e-01
1.242103282324557023e-01,3.811781467702454740e-01
8.280101407167791416e-01,1.278688208451304931e+00
4.604305089928599770e-01,3.454612824619239242e-01
1.287822097205567617e-01,3.904207814538573906e-01
4.333131738292335111e-01,1.621682497111024857e+00
8.724178153196310292e-01,1.173384003592127023e+00
1.004430090189178948e-02,5.109999732178015508e-01
3.228349743448943876e-02,4.795683737936451974e-01
9.229014098277177336e-02,4.010190901583397527e-01
9.126190888416604308e-01,1.378644425981091715e+00
7.595569669320255679e-01,7.624099852117681708e-01
1.937763318196950024e-03,4.796443140301966945e-01
5.827065355898745080e-01,-3.017934041452885463e-01
1.778920607833622825e-02,5.124153831586061303e-01
5.551412859130738786e-01,-2.062496967706303197e-01
1.100762352619489848e-01,4.845733117582728955e-01
5.814957379292142736e-01,1.780698937416820504e+00
7.544237140728128344e-01,1.552831742040071905e+00
3.348598987669283433e-01,5.004129563614769793e-01
6.993680201620947612e-01,1.053260475136333918e+00
5.057988852424922799e-01,-3.718543081249708893e-01
2.585774860574419076e-01,1.038157433851349509e+00
2.563271649687124398e-01,6.470828010997251578e-01
8.248807867896572610e-01,9.181516485813263628e-01
6.888135955298212432e-01,1.342968133181061674e-01
3.473135059466198049e-01,7.312245446924300341e-01
9.665853864249052130e-01,1.454282676624706117e+00
2.339739523326290760e-01,9.377111245650492366e-01
9.665969945281114306e-01,1.422253549039276033e+00
6.835029130846401735e-01,3.802624179835221163e-01
5.914451977937061899e-01,9.047041430575667453e-01
5.400893738785339515e-02,4.783970099342747528e-01
7.556863553060769734e-01,1.365982090804112481e+00
4.778129208051936638e-01,1.393695827535098575e+00
4.072490871224070386e-01,3.892729880604876014e-01
6.937200639640495048e-02,5.172549242344993692e-01
1.370321366041745703e-01,6.237343906856054332e-01
5.791894493187599302e-02,4.993877716017893764e-01
1.685455175844005060e-01,3.400592020495930567e-01
9.587714890466705331e-01,1.408511020933663094e+00
8.912298451119613496e-01,1.391666814047459955e+00
9.312554822304563995e-01,1.296237699998863402e+00
1.045657963196161555e-01,5.294596405370911585e-01
6.827869134414834562e-01,7.299523841875510399e-02
1.072442340263944915e-01,4.085761885791416859e-01
3.718928178074527580e-01,-3.591835170050664550e-01
4.690113891225808906e-01,9.990417951212918757e-01
1.619935439311862568e-01,6.541352844854694260e-01
9.358158318674475451e-01,1.480082456872942043e+00
3.498342743402506061e-01,5.949759526740218130e-01
7.331400811957574648e-01,6.109672127502221439e-01
1.208701248585161148e-01,8.234767897636325884e-01
2.863201398924448693e-01,1.157498441091268981e+00
1.980997146227169159e-01,-5.152769761845099605e-02
3.920586993207276771e-01,6.005521005875139595e-01
5.434554151042070291e-02,5.163109623779846835e-01
4.976493526031122716e-02,5.063367698752659907e-01
8.802061291389365882e-01,1.218714993635942934e+00
1.512692946379853298e-01,3.778495303312413567e-01
3.423660787163216312e-01,4.324560712400168372e-01
8.408499673296376820e-03,4.964076276524901910e-01
3.745542517256956749e-01,1.634739160696558002e+00
6.861087870557859292e-01,1.674852352509799136e+00
3.389469510775450223e-01,1.476763372241219230e+00
7.873778283151668944e-01,1.668452048429420298e+00
2.144969904195406230e-01,3.877436202747661098e-01
5.946874708002434229e-01,1.027128172503286141e+00
3.196335237535665730e-01,2.098887749163638738e-01
4.927692172830169248e-01,1.791060876210357034e+00
8.902345499856110234e-01,1.393596803702974229e+00
7.279828607788094708e-01,7.764760835360984270e-01
5.893455740133493048e-01,1.431439158162035152e+00
2.534586355572451266e-01,8.385275873573714289e-01
4.432674066555162273e-01,4.217918532135693233e-01
4.479164594342003314e-01,7.897752176696682946e-01
4.044681162720276113e-03,5.234159368796170719e-01
9.544792473823437984e-01,1.356847325974228413e+00
1.435818908080782608e-01,8.903998411713083261e-01
1.266287484511875450e-01,5.932287985960502663e-01
1.376008391381524643e-01,5.696691592208102950e-02
8.791905998791671450e-02,4.975946356056783482e-01
8.816351766410781554e-01,1.304740402544571021e+00
5.692510853380152724e-01,-2.692169209644258432e-01
4.825841112564210889e-01,2.216555974234610815e+00
1.650606195599646497e-01,5.077315347493650544e-01
7.818351210138561047e-01,6.135646777080372427e-01
6.011705778137539369e-01,2.059155548926576706e+00
4.717802389343516145e-01,2.375980935744539835e+00
3.127650358780359463e-01,2.191268708478174565e-01
4.862077487056593039e-01,1.224700793360511852e+00
6.585817226985384298e-01,4.374545482782501438e-01
7.904924665196775280e-01,1.584120010559784575e+00
1.542066617496612446e-01,4.481932664991718496e-01
8.343218667149727708e-01,1.280172546422084556e+00
8.805311747548373313e-01,1.184465496406396756e+00
9.084063479895511106e-01,1.424125734092220430e+00
9.876782708190199322e-01,1.475620183921458439e+00
3.103814409402859686e-01,1.143584099173583279e+00
1.370011511925857128e-01,4.634498456790644427e-01
6.265794038854209935e-01,2.685533986094608139e-01
8.664200961450212457e-01,1.169437960350500072e+00
3.502495689591945682e-01,-5.413388980324518318e-02
8.323925954678308425e-01,7.614167263322011436e-01
2.094345075910590825e-01,2.140098848376081331e-01
8.143531332320164129e-01,1.072970814147095719e+00
7.006084723565845218e-01,1.499279879093914136e+00
9.039847038751480657e-01,1.276987747165559739e+00
5.895232610178164911e-01,1.798290671963671983e+00
2.704250056577536254e-01,-4.499994102393741757e-01
4.672554218808543380e-01,1.097995680980860200e+00
8.696247532553291748e-02,3.991637517441413152e-01
6.992252555492040056e-02,5.203444125218855687e-01
7.392392309624220559e-01,1.122675889443341735e+00
8.495826418970634508e-01,1.478135980759647250e+00
5.632646191150807446e-01,3.018038385277091784e+00
8.859151593846638084e-01,1.373417550577452850e+00
3.344124415000178097e-01,7.066919062408368868e-01
8.534297579751796148e-01,1.299558046777144815e+00
9.744737922489291604e-01,1.434166824919141270e+00
8.745154081393420320e-01,1.324589782423553741e+00
2.533437877139381733e-01,1.362936753378268584e+00
9.757436446263840768e-01,1.436018676501050750e+00
8.254635941355723538e-01,8.887354566315635029e-01
1.841571496950660247e-01,4.411174156841987659e-01
3.752537763532545201e-01,2.101911567562189664e-01
3.780772806945226217e-01,3.343136077062750511e-01
9.650878822927966283e-02,5.210035703276487684e-01
5.467704417552377016e-02,4.470534841352419297e-01
7.186362907863663718e-01,1.495710169593368333e+00
9.505182182282962966e-01,1.299384669054427954e+00
7.362935536149219917e-01,1.121915298913323422e+00
4.825300267087332395e-01,1.018306704520244743e+00
6.994649054523494058e-01,2.197015335499866717e-01
3.411816951756407867e-01,-7.708616981151328318e-02
4.300194654185895970e-02,5.525855589984569605e-01
7.070348974614236726e-01,1.381630871151483086e+00
2.577393244138082018e-02,5.028276185999820402e-01
3.167845542971070572e-02,4.895191841365666985e-01
3.344570287861565738e-01,-1.861239803930198056e-01
2.281639351974839025e-01,2.064613463345106870e-01
9.584859033485265689e-01,1.415355477510657156e+00
6.841648622689372461e-01,1.324966390207058753e+00
6.346787901570494217e-02,4.843218620323262447e-01
6.035278470706804121e-01,2.835335241035235043e-01
5.660245664908981622e-01,-4.297677201427293481e-01
9.543752022853148054e-01,1.387009763270778517e+00
7.125733657384604181e-01,1.292790827035241952e+00
7.143535067594058985e-01,1.329210207811899691e+00
3.959758230778803734e-01,4.326685801676334320e-01
8.402583335226891936e-01,1.466925245112639775e+00
5.044646354676324274e-01,5.387735389388236262e-01
8.443051108418326844e-01,1.612096068233484836e+00
3.481466481978207073e-01,1.193926871313169213e+00
8.942992661388267095e-01,1.220344346579482320e+00
3.115646135115823778e-02,5.088020349319914981e-01
7.055154859769303677e-01,8.445961036864562121e-01
2.108475318738007864e-01,2.439163381066011271e-01
4.095400617860369685e-01,3.682499020124244127e-01
9.053871716781705103e-01,1.298080607934395614e+00
9.527771263836795068e-01,1.341469805616865685e+00
4.188696683130519460e-01,-3.207651093101551165e-01
5.994652501941223344e-01,5.136893556022041896e-01
5.519220761839120915e-01,-5.511488516200699905e-01
2.963544962452668852e-01,1.269495851003380471e+00
9.279569736945577629e-01,1.400202667833320813e+00
7.601954071486494158e-02,4.353114673357791342e-01
8.497436096230109870e-01,1.183507523876048628e+00
4.876697547738451100e-02,4.746434704370676161e-01
6.872205582911936617e-01,2.358267971587002076e+00
9.329594145873391087e-01,1.368265362446961619e+00
4.415875255346153327e-01,1.383942477558059103e+00
8.889877595682438294e-02,5.174510267927463492e-01
2.071797647197304304e-02,5.226325743490002340e-01
3.289337066082439476e-01,6.365414028162124094e-01
1.397262378193675492e-02,5.006403735369138186e-01
9.142329797361760102e-01,1.297071318314981347e+00
5.620143241740539475e-01,1.222772966858376442e+00
6.978285078942304542e-01,1.264030320784548023e+00
5.444955721870866627e-01,6.343244841796944478e-01
8.677656031131099068e-01,1.365999740344352453e+00
2.118581381138311404e-01,1.037435259059561687e+00
3.840915070191774916e-02,4.937631603246415146e-01
2.398195738711905722e-02,5.029076174047147907e-01
9.560861060065602990e-01,1.442150958632683277e+00
2.148029073725818971e-01,6.704672580055948128e-02
9.627134188845045681e-01,1.429485989593369588e+00
9.327861081762978124e-02,5.403416356478075722e-01
9.023946303835019833e-01,1.255617861764461773e+00
1.891081594847555669e-01,9.804286266925323901e-01
1.731151260137469006e-01,5.137747899494635728e-01
2.137572058634243932e-01,1.075652434783920253e+00
5.838552818083796447e-01,2.542169699539621464e-01
1.480612539695619345e-01,5.692440536132625795e-01
4.198992985887116669e-01,1.984672746281710420e+00
8.320732249406226355e-02,4.426215818607177055e-01
1.250070354973236153e-01,7.043832713542664825e-01
5.180831161196192136e-01,8.390496584043487527e-01
5.833848370103683623e-01,1.221865087549788065e+00
1.853637759740822677e-01,1.002099068208426091e+00
1.204900026365695043e-01,5.716878537349722178e-01
4.416941753641199231e-01,6.977017473747942899e-01
7.717317451190343069e-01,1.088190786331354465e+00
9.470393918364915509e-01,1.371013064360086409e+00
1.240904977247236918e-01,2.523847585009021399e-01
5.164153923422993842e-01,8.299263596401672549e-01
6.569150795596180314e-01,-7.018138491314042104e-01
8.520744183580781783e-01,1.615800670609249590e+00
6.460286248516504681e-01,6.083944706937427505e-01
7.189782647870504029e-01,1.711280056760049462e+00
8.245327436303699908e-01,1.348051995076018361e+00
5.215628514689496509e-01,8.635314752598410859e-01
8.522836363983765651e-03,4.997399754517251047e-01
6.738078315036073462e-01,4.234550116048491075e-01
7.435648936129095610e-01,1.431499630865932238e+00
8.454001177406113010e-01,1.345245258962375123e+00
9.074417515584470850e-01,1.330551129421866152e+00
1.945534067514993470e-01,2.729588606882820678e-01
5.522243312268682036e-02,4.824693667003440156e-01
6.147697063770228842e-01,1.650547112041526709e+00
2.135097484478037932e-01,5.872294555402215455e-01
8.109977799032341839e-02,4.441094848522761929e-01
6.144025003093191994e-01,1.511491993762803965e+00
7.931584742613587702e-01,8.480484240824612829e-01
8.143585365075166616e-01,1.058564348370472086e+00
9.505946375473404153e-01,1.417131302661991166e+00
3.141568783238980478e-01,9.792215245098240262e-01
2.035489268943450059e-01,2.398141480001095838e-01
4.541836477959586560e-01,-7.864127862749934472e-01
3.304780510598228638e-01,3.483337067338938553e-01
5.873119699551710982e-01,5.938405266980728570e-01
3.791565118888629016e-02,5.126495972895032116e-01
9.708487303028735527e-01,1.418401774074934174e+00
7.253226417404617932e-01,1.494686245926653445e+00
1.547713159382950732e-01,5.692738541766396709e-01
8.223209062253200585e-02,3.471819931426570194e-01
8.684854004306628017e-01,1.256542418883214385e+00
9.806793927780280695e-01,1.460392633403983398e+00
1.426807783729704404e-01,7.144240257638471148e-01
1.405408594031327674e-01,6.936379353510572221e-01
6.147173964209973196e-01,5.618649444921908209e-01
7.323380145618629822e-02,4.410839791010387478e-01
5.796799434928286976e-01,-5.506516706138164796e-01
5.210458563246134212e-01,-4.568093001019698507e-01
1.199035843418049252e-01,6.445652787061737499e-01
2.544618434228188564e-01,6.045794033408249391e-01
1.805713239656606683e-01,7.153722673541320631e-01
4.704754055925419731e-01,-1.093196917482598618e+00
2.154890983008495020e-02,4.970569472473203576e-01
7.726215386919172978e-01,-7.970032931202108983e-02
8.646062570784281975e-01,1.401776343801444558e+00
