-1.570963405428391635e+00,1.112273980547062280e+00
-1.523440692525936724e+00,-9.590595147471402404e-01
-1.707924759516004087e+00,-1.374557007325715396e+00
-1.647148064600059580e+00,-9.969541210127068620e-01
-2.033136873033318248e-01,-1.280898488387339107e+00
1.463984968993520930e+00,-4.941411907172032492e-01
-8.012574611225903309e-01,-7.074908029906310514e-01
-1.416336509080160955e+00,1.047724837178866331e+00
-1.410020008421315030e+00,-9.157206792436146658e-01
-2.364091091154976731e-01,1.167335732816642047e+00
-3.138648963220307397e-01,1.053490822782662484e+00
5.950282839370418797e-02,1.416476929974179733e+00
1.206307403939194334e+00,1.496764304871087914e+00
-8.752037906206848739e-01,8.114174588040395930e-01
-1.166698941308156767e+00,-1.372623073545918615e+00
1.382406399455651629e-02,-8.512175885451793711e-01
1.939890164994454158e-01,-7.440694934718903308e-01
-1.884337498840999714e-01,1.395491481864201688e+00
-7.856334766124223323e-02,-6.613667914311440743e-01
1.372500073051076352e+00,1.636253337658439388e+00
-4.001225292971536396e-01,-1.305717187272828594e+00
-4.146082766894209071e-01,-7.868755155965695414e-01
2.344889922069496591e-01,-7.031397066140557817e-01
-1.672762253144528533e+00,-9.890900558692238276e-01
-1.391542437176953140e+00,-1.342936634795721673e+00
-4.163127101195446267e-01,1.050212002339141026e+00
1.508017063177137462e+00,-5.620458381569078954e-01
1.359520613633708352e+00,1.436879073030674192e+00
3.212545710023637091e-02,1.265833275012504311e+00
1.601610502690436588e+00,1.592534584176757306e+00
8.602592802266801897e-01,-5.550483371204514293e-01
1.383364961696546658e+00,-4.990954661154980432e-01
3.873862464288882479e-02,1.697957208179515343e+00
-1.566314016652262942e-01,-7.671388136486140263e-01
7.937797945172887504e-01,1.379554865500950855e+00
-5.525132852897943758e-01,-7.274904315622582329e-01
-6.301286101699127284e-01,-1.351558487010720899e+00
8.264203787507602428e-01,2.648804810628604400e-01
-4.410818457478113408e-02,9.575827779576995269e-01
-1.273773250468625218e+00,-1.183759034255575715e+00
-1.493789301553571036e+00,-1.014496654218610683e+00
-1.044882676455915371e+00,-1.067336987702790951e+00
-1.120557939596621699e-01,1.643412392360527940e+00
1.667517223784811042e+00,-5.661137241323015851e-02
3.045289443841744381e-01,1.452457825008334424e+00
5.489047115135669008e-01,1.229181762427389746e+00
-6.507555178131871898e-01,1.276441765299557218e+00
5.529797057846885799e-01,-6.706081435232541521e-01
-1.333989171250007155e+00,-9.863364415406339347e-01
1.615110660090713468e+00,1.561068131790315228e+00
2.273974884083004300e-01,-7.704779000259052157e-01
1.079780396138828147e+00,1.472519345158736614e+00
-8.088549852809981955e-01,-8.501576769653781396e-01
-1.430745442172606463e+00,-9.816202758647656346e-01
8.548869295942123081e-01,-4.777460947988361184e-01
-1.883310802171860865e-01,1.196848280045264667e+00
2.619420051716929709e-01,1.226935014872907903e+00
-1.580192144371545426e+00,-9.632541265959913002e-01
1.690023426313150279e-01,-7.683780722401248875e-01
-1.641219205272369253e-01,-7.629924732595875225e-01
-4.119325576952870965e-02,2.604397549578158499e-01
-7.092061952124013580e-01,-9.879429596898199328e-01
1.243335919769816833e+00,-5.037475356129210713e-01
1.449006953823229304e+00,1.392681870928364374e+00
-3.824113657131777977e-01,-7.207280389989939584e-01
6.777147531138089098e-01,-6.029004853575385958e-01
-8.152609525696291604e-01,6.410757777781309411e-03
7.121576847757858653e-02,-7.696880779798923600e-01
-1.690941951921675512e+00,1.083919346613593682e+00
1.420480201082455762e+00,-5.102719274240475889e-01
1.648659792513265110e+00,3.639910095051926975e-01
-1.241767004749122716e+00,-1.018332865671075504e+00
6.179648106522289686e-02,-7.362220390007319093e-01
2.298540306974778680e-01,1.285805013084344361e+00
-1.446079171449512479e+00,8.686093655493650756e-01
-9.065243814653300980e-01,-9.776273638125052567e-01
-1.348684667852991348e+00,-1.027305705236530864e+00
-6.200869003418235659e-01,9.705743483572890073e-02
9.985921852951490374e-01,-5.079593833740223552e-01
1.580742134739950622e+00,6.372332419615507337e-01
8.800832841700884090e-01,-6.126124389670302151e-01
-1.551951050408903132e+00,-1.452567883219672451e+00
4.287239730160306017e-01,-1.238600757269093799e+00
1.440874954259252938e+00,5.768540625378590914e-01
-1.161731668127549133e+00,1.274868585707875646e+00
1.262749663160759317e+00,-7.209233571017263920e-01
-1.104446550802380411e+00,1.285374897768248426e+00
2.196484439407987155e-01,-6.058411106704797433e-01
-3.067954893885243561e-01,-1.054416495670224344e-02
-9.645905147952319458e-01,-1.336733163761081311e+00
1.808419745310483120e-02,1.279146497197528376e+00
9.868627988649129046e-01,1.327820856995544752e+00
-1.043192210370009754e+00,-1.376190998667905063e+00
-1.026240783529318579e+00,8.023021750605544566e-01
6.086273573580668339e-01,5.909347296964091445e-01
5.148071270929042154e-01,-8.319979544539578553e-01
-7.579178463949025613e-01,-7.682961806494660317e-01
-2.021786640851953587e-01,1.326706670480098493e+00
1.535461118627546862e+00,7.481335369365876842e-01
-9.861087047727380428e-01,-1.413918150518048256e+00
1.058442932296993932e+00,1.295769455593571706e+00
1.549750518939615906e+00,9.518903191536753905e-01
1.391241516794012201e+00,-5.488525798333223626e-01
-1.615546677898493932e+00,-1.128520631454208889e+00
-7.136414899080951724e-01,-9.456198258188739381e-01
1.668919437921706272e+00,-1.198236076031521380e+00
-1.226397085608572635e+00,-1.048981567776554824e+00
3.732891620829236201e-01,-1.257780144709223391e+00
-5.000396984383439491e-01,1.258530289567574956e+00
1.441186503953311382e+00,-8.314982053286702479e-01
-1.130821898447400109e+00,8.837257866263542594e-01
7.492672842460087468e-01,-4.888831490613270159e-01
2.439955733982173136e-01,2.820839657270853840e-01
-1.402076105505534631e+00,1.263029052172768729e+00
-3.454446384847704998e-02,1.356431300649402649e+00
2.375173547197941548e-01,1.421836671645356320e+00
1.684192622827933361e+00,-2.377244523463784287e-01
1.401347106270319998e+00,1.470973079833083341e+00
2.531266872244872582e-02,2.157705105157379510e-01
7.966735156769590986e-01,1.440241921376689938e+00
-1.058782365337528786e+00,-9.763249111567447180e-02
1.193500601956376972e+00,-6.532261066157184493e-01
1.346162713541847467e+00,1.543568956927786173e+00
-3.993801259969397277e-01,-1.287041437739816496e+00
1.663146347155879168e+00,-1.090643689826871876e+00
-1.022548647259474253e+00,-8.197335860812081654e-01
1.427332259238464740e+00,1.325161454122709470e+00
1.067714509334857231e+00,1.376060479440764261e+00
-1.320043915359131903e+00,-1.365164075946834865e+00
-6.925399321292720067e-01,9.196189852728088310e-01
-4.513080568130611314e-01,-8.220014575411029867e-01
-6.151445936797874658e-01,-1.065655386783076697e+00
-6.142363958098304710e-01,-1.248731380664721780e+00
-6.576451545140238331e-01,-8.645828013805251233e-01
-5.715214501901662025e-01,1.330723937719676897e+00
9.501558332079387270e-01,6.512959110184037836e-01
-4.145112571907134669e-01,9.795392489838225525e-02
9.211418641802295859e-01,4.189222378444274475e-01
-6.096435900773443661e-01,7.514734817764825991e-02
-2.858655830516960705e-01,-8.284821313520316366e-01
-1.374896643054316359e+00,-2.874338212954436478e-01
1.671423797251452958e+00,-2.854934244450849090e-01
9.798374820394623042e-01,1.235253078348792277e+00
1.455131882729608694e+00,-3.262465542624250481e-01
-1.511855735053419192e+00,-1.021279706609204974e+00
1.069336450327916382e-01,-6.732379030348767390e-01
1.612647783507960231e+00,-4.297741790178140064e-01
-1.149893906386669995e+00,-1.098950918946730859e-01
-3.154099089101091158e-01,1.297657828847861516e+00
1.109596971658559861e+00,-6.740651285690536509e-01
4.438760819960887449e-01,1.320336124233062902e+00
-1.338813170959707755e+00,-9.659168439220207070e-01
-8.416148371845290355e-02,1.272060041972983058e+00
6.242924365055000369e-01,1.665956051337619925e+00
8.193557599540312042e-01,-5.849707053068838869e-01
1.441623365898994313e+00,7.654116598239757430e-01
2.793644286249435393e-01,3.323593034246688505e-01
6.357988703345616166e-01,-5.498016133681836726e-01
-1.428375065608309402e+00,-8.880566021335940530e-01
9.898340431594457867e-01,1.416849188109548185e+00
-2.488637087843765250e-01,1.116777159486207927e+00
5.969754323245173300e-01,1.532562963683544721e+00
7.127215245871497407e-02,1.301041862906857360e-01
-2.813447760409582554e-01,9.086629206483973209e-02
-1.394149199185946486e+00,8.198617151021103666e-01
-1.430766800868478628e+00,-9.220348957811385082e-01
1.610735584901731077e+00,1.547714029492619714e+00
-1.636084222540723943e+00,-1.039263316396475734e+00
8.669684122458278797e-01,-7.209863647670722298e-01
2.756987986352686937e-01,-8.471440773757705767e-01
-3.604295689914146505e-01,1.781126517498416995e-01
-4.420897822782809405e-01,-1.281458948719959023e+00
-1.350926376965522646e+00,9.740108036051760010e-01
-3.478823868944850295e-01,1.500330865560767446e+00
-1.594015803888362059e+00,-9.613886158369299162e-01
1.470770946696932313e+00,1.708751935408846734e+00
-1.161538460985422239e+00,-8.914386396645781474e-01
3.290833428197012522e-01,-1.341491299418103189e+00
-2.407336961646673601e-01,-7.142506895433240466e-01
1.145895833404973585e+00,1.587131732810430407e+00
1.332702700646789529e-01,2.469400543134691040e-01
2.355332874859047132e-01,-8.183150003522047244e-01
-1.632857649730728111e+00,1.312154888708644718e+00
-1.362746005696585883e+00,-1.541417609246525489e+00
2.877828800355711203e-01,-7.957385216334791345e-01
-4.233700373764145986e-01,-8.776758089529879125e-01
-1.268259734811505668e+00,1.267745662617555391e+00
7.172414910793829534e-01,-5.773591960446836646e-01
-1.667010820467586196e+00,-1.047881943040022357e+00
1.661639152282679888e+00,5.868334532750965060e-01
-1.036138673114802788e+00,1.052029387416278494e+00
8.039575103595838490e-01,-6.432515396625950732e-01
-2.965143527758831721e-01,2.310229047128463942e-01
1.838805069851182916e-01,-3.724282713453861970e-01
-4.124064077895504554e-01,-7.597655472663560339e-01
1.404515681614784572e+00,-6.030585669075924082e-01
1.120044633235405707e+00,-5.825834103874817371e-01
1.592858103574778639e+00,1.610103554536986836e+00
4.965361451994430159e-02,-8.245285373242965399e-01
-1.571616874821875509e+00,-9.971776342734205434e-01
1.672316851335715393e+00,1.535540145174078885e+00
-1.606850632437724080e+00,1.150041564021524909e+00
-9.049895665960296931e-01,1.218946205154667783e+00
2.566916793408094977e-01,-7.482490439141401550e-01
-4.100262421345650110e-01,-1.467444910931795077e+00
8.882051796993983839e-01,3.067286388690328991e-01
1.389913641016983781e-01,-1.320775095079371075e+00
-1.565395932958519198e+00,-1.044402694127321229e+00
1.106769002079762920e+00,-4.055394794551041571e-01
9.772511650119223292e-01,-6.355291280867982895e-01
1.512901431917824446e+00,1.500488225953927168e+00
-1.659449904628464756e+00,9.556804589368221858e-01
6.601005689469811033e-01,-7.913465108165735895e-01
1.466307684136751055e+00,1.455647053661035750e+00
-4.881077045977777473e-01,1.038394696494364000e+00
1.544357522865749788e+00,-2.636590717164301600e-01
1.498116469170014502e-02,-8.427266328415253804e-01
-1.148017106316054248e+00,8.332399574583611024e-01
5.999044924126228917e-01,-6.518998227240969667e-01
1.632237065786749985e+00,8.809647439447994000e-01
3.549859340183387224e-01,-5.873490178068870859e-01
4.937258789605185050e-01,-8.012300749137631906e-01
-5.680723814386983150e-01,-9.596690676138608378e-01
1.389718118978137795e+00,-1.132676632124155924e+00
-9.557831815446897750e-01,1.003335051397648892e+00
-8.362315766539907269e-01,2.029985236727150852e-02
3.155166525953594092e-02,-8.658195320160110287e-01
1.059514227395808167e-01,1.356010273005665567e+00
-7.133095212992663914e-01,-1.382324580799213498e+00
-1.805230058591182629e-01,-7.249330886777266558e-01
1.558787315317442523e+00,-6.209627941039193022e-01
-9.960829445735140952e-01,-8.159646695784752435e-01
4.294183113405563024e-01,-7.010803219258228136e-01
-1.491082663997806534e+00,-2.632632888570233809e-01
-6.015475727977616094e-01,1.150406340505191860e+00
-1.061061248366873988e+00,-9.292500583795771929e-01
5.090704171530580080e-01,-1.277974617265745794e+00
1.696862017577265361e-02,5.434727230799677455e-01
1.570034999045544222e+00,1.530873744717162532e+00
4.129568898513774622e-01,1.340358790275166578e+00
4.194206790534630303e-01,1.404943865848540474e+00
-9.908019328001990145e-01,-8.853930515482475450e-01
5.238394173393605691e-01,-8.188262623026982823e-01
4.992184177953868374e-01,-7.238725540577960471e-01
-9.115737762688629342e-01,-9.167805948963312357e-01
-6.835763439228498273e-01,1.343131411467504810e+00
-1.475343689414848836e+00,1.524925719952410219e+00
2.930261094735134991e-02,-8.145966566689772925e-01
1.619506681640519030e+00,1.536640393699627127e+00
1.212485926239344369e+00,-5.977631292157711274e-01
-4.756398661916166892e-01,-6.973672358449820585e-01
1.516422974114369771e+00,1.574587717369533069e+00
9.376011937247563655e-01,-5.782541217688556001e-01
1.359107595697347515e-01,1.451667532017067330e+00
-1.639690352777791293e+00,-3.459956523245393267e-01
1.169997919292232291e+00,-1.203486287837760793e+00
1.194165074299256224e+00,-1.239468231305781876e+00
4.099031986852482712e-01,-4.774756229933935781e-01
-5.609043629151096999e-01,-8.085245317959751654e-01
1.620156348352294939e+00,-6.304174183818033184e-01
-2.850782338618515488e-01,1.270629594546955066e-01
1.129544999642512870e+00,1.473205726702553342e+00
3.799825189549962956e-01,1.348870710530712724e+00
-4.605108519062791617e-01,2.338038904484663824e-02
-2.895801429810501704e-01,1.177620836193846721e+00
-1.561831975158617825e+00,-2.235669119288894446e-01
1.352602828817337954e+00,-6.160791837963912609e-01
7.949528003437118795e-02,-8.385822486091346617e-01
6.428283292453383924e-01,1.391419524577768962e+00
-1.493565337069351795e+00,-9.876449310149594263e-01
5.246358668265458380e-01,1.230760722991290024e+00
-1.204504071592905401e+00,-8.827748797991218366e-01
-8.198654294487579541e-01,-9.446968080793298750e-01
1.064997607479261310e+00,1.432626907044684428e+00
-5.758903949934995881e-01,-7.529061374171143184e-01
-5.594978929125022926e-01,-9.050220687495953431e-01
1.342346762076417788e+00,1.667182817669558004e+00
-9.703187918246308774e-01,-8.293816580417625595e-01
-1.323437578168269679e+00,-9.624794274972413577e-01
-1.353608003089399991e+00,-9.195806966015096506e-01
-1.007291304299765544e+00,9.048761145954701268e-01
6.789749943213748695e-01,-6.070446262447501962e-01
-1.569275877776020511e+00,-8.898002668041185004e-01
1.375571171951146088e+00,1.406884044276375034e+00
-1.038849333661839180e+00,-1.389532930987641413e-01
-5.325624096002141705e-01,-9.431247658685345536e-01
-6.150847387564138957e-01,1.060019647332381409e-01
1.281496782675839663e+00,-7.705033280913258231e-01
-1.373136456720068788e+00,-2.472537781317421524e-01
1.563854966349652376e+00,1.609441930708009227e+00
-4.183198414306720236e-01,-7.533175595498733390e-01
1.449072240386193533e+00,3.945629861608319633e-01
9.256914189041195451e-01,-4.942889210043825976e-01
1.490582296983317567e+00,1.022142333065202857e+00
-3.840514476959397405e-01,1.109306116926109670e-01
1.340667367437596180e+00,-1.286282619838524877e+00
-1.483517899985847599e+00,-9.010710278700264642e-01
1.535582193641533699e+00,-5.580053548424962484e-01
-1.832607333904396063e-01,-1.267092244078199759e+00
-6.031480392699879456e-01,1.239015834759800816e+00
6.432356569730841578e-01,4.375612714157834371e-01
1.286938423497747896e+00,-1.236157907523236954e+00
1.119952760984370022e+00,-6.225552986385746168e-01
-1.376500848372434138e+00,-9.003616810213961319e-01
-7.361105298954443432e-01,-9.228019659562636257e-01
1.851397081637101982e-01,-7.982520422677519267e-01
6.939227300877885973e-01,1.268098053732362063e+00
-5.500598725010409362e-01,-1.314826549098511821e+00
8.477004216799329805e-01,-5.875862373287936702e-01
1.159336596854172008e+00,1.430903934877474137e+00
-1.422293177739826886e+00,1.181643089754224052e+00
1.011516552669027569e-01,1.044069186394466220e+00
8.790069991791410464e-01,5.273334820664479228e-01
-2.527626724000794356e-01,2.745357995120767947e-01
-6.921069271799628053e-01,1.409701277062240798e+00
4.008807311847278343e-01,1.975879128823178343e-01
1.554032557440014894e+00,-6.565383852759325567e-01
-6.147277250110030344e-01,-3.918759684578180386e-02
7.825058824390532797e-01,6.369099348467855970e-01
1.187990869943728933e+00,1.457124553598193151e+00
1.381048177445690861e+00,1.507126059586437306e+00
-4.882288665437456987e-01,1.120203318805220727e+00
9.849902208926212266e-01,-7.121737512175252416e-01
-7.844034991545215663e-01,1.017157540887902778e+00
1.144644378509591109e-01,4.841385128849080843e-02
-1.234140696704948414e+00,-2.105561292120177175e-01
1.357810979438834664e+00,1.014962357400838400e+00
7.428404252708769029e-01,1.403279014480177445e+00
5.226944883721071911e-01,1.491184644210655774e+00
-1.001316680500182743e+00,-1.352053571572734203e+00
8.707703489195951496e-01,1.482303835262952729e+00
1.464070397202819618e-01,1.167566258163242887e+00
-1.241058161000462512e+00,-1.420942307864375698e+00
1.948629808084089976e-01,-7.935326990976288020e-01
1.618171074941675780e+00,-3.831019973457540639e-01
1.246647208154635589e+00,6.331758898787719358e-01
-1.691541375295286143e+00,-1.423751174949347220e+00
-1.427378555305959473e+00,1.028670956316267926e+00
-2.338376141559246613e-01,1.332805522765896811e+00
8.934905802908493788e-01,-1.225243514466378469e+00
3.473046472196185119e-01,-7.446682253102533400e-01
-1.427359225606984916e+00,-9.549288753388672779e-01
-1.570681138266314114e-01,1.248871219923286979e+00
1.154592817909185110e+00,-8.548227254890170546e-01
-9.409427290917643516e-01,1.356682209588059296e+00
-7.354487497997518330e-01,-1.012801447691407564e+00
1.509697548443035720e+00,-6.921553167617782165e-01
8.939798820038473703e-01,-5.160816209538371391e-01
4.362909278146969161e-01,-7.914937761589853071e-01
1.499180756262934455e+00,3.073662157193685074e-01
1.341703385502305501e+00,-4.639909871267622887e-01
1.194726602864283560e+00,9.016742556029868627e-01
1.913549999946922986e-01,4.412648516983570524e-01
1.548263815979435076e+00,-1.168876970608753174e+00
-1.173718033515927406e+00,4.679474332509214914e-03
-1.082383466008789430e+00,-2.529708445462124367e-01
1.614960840819708698e+00,1.370400786650637803e+00
1.640029100630090220e+00,-4.641654943597011695e-01
5.192486494831035637e-01,-5.094629156947060311e-01
1.273796376372604566e+00,1.513452180719907059e+00
1.065564076918063430e+00,-1.248891268174405988e+00
7.957303908182996599e-01,-5.551824830689299217e-01
-2.481519833368040495e-01,2.760588940539773772e-01
-3.514490624543696318e-01,-8.248098644600923013e-01
-9.321945595410608965e-01,-1.013462244911989441e+00
-1.393394662217121160e+00,-1.041537650351477051e+00
1.108339839889109502e-01,-7.737505966361990506e-01
1.020441170297886835e+00,4.631221510420815979e-01
-1.328942372628821422e+00,-9.835755233530530939e-01
-1.090198177128572476e+00,-1.450366808746338609e+00
7.810807543502670258e-01,4.168241462881344672e-01
-1.043039973795062414e+00,-9.106432610276776751e-01
4.298215876902889421e-01,1.443048757609236343e+00
9.071460001662339234e-01,1.533459679542276133e+00
2.959024819318685218e-01,1.542245458372573763e+00
-5.049515139115637874e-01,-9.739896022650142982e-01
3.964130944664869816e-01,-5.886502072208453784e-01
-1.177964604519615932e+00,-1.058965913006575832e+00
8.215242563478933890e-01,1.336848063134919329e+00
3.056083801531347260e-02,3.129453006381740510e-01
-4.789765960218737573e-01,1.552193528029423897e+00
-2.894201431941685332e-01,1.505261254817912508e+00
6.812451314234380106e-01,1.442645332076501807e+00
-2.869987792302163832e-01,-7.550828212188533950e-01
1.392104844126953012e+00,-1.157891918708975787e+00
1.414570762027830497e+00,6.239271847592301468e-01
8.135863462868860863e-01,1.448740610152038588e+00
1.083212332152008406e+00,-7.618922294387000527e-01
5.608987965125896702e-01,5.309836885472964951e-01
1.320353705667503819e-01,1.522339363917837030e-01
-1.311211315139429789e+00,1.115863019615896290e+00
5.043713351724061350e-02,-6.854238948759178163e-01
1.585012490987865341e+00,-1.079363645031062413e+00
1.800465601146956640e-01,-6.524582547218071849e-01
2.088296333157945162e-01,6.686964486218427428e-02
8.556526486913953455e-01,7.388677711520028613e-01
-4.846912304354267786e-01,1.376352650067343975e-01
-2.718866317433424884e-01,-8.688424218262945642e-01
-3.718922620744544716e-01,1.206775207477133405e+00
-1.520463805002232549e+00,1.121329962236919497e+00
-5.660906302220708453e-01,8.666912308694797729e-03
-1.445804301166711214e+00,1.782080919399584573e+00
1.677293193922676284e+00,1.389855212448753541e+00
7.306299406195146950e-01,-5.704332411865981056e-01
-2.400483767268101198e-01,2.303744543939571232e-01
1.648641878140686634e+00,-5.350119166492177669e-01
-1.527769366365964387e+00,-9.831965992664994936e-01
6.699444644706774588e-01,-7.559747565483901921e-01
-1.647075343798770630e+00,-2.725645113439992273e-01
1.195417866395058759e+00,1.336246368232357318e+00
9.404093820793451020e-01,-9.052962903153245477e-01
-4.582261392868664518e-01,7.936296181308852837e-01
1.117652857759163121e+00,1.651574536154429396e+00
-8.148576632766967309e-01,1.116845799903495751e+00
1.067202409077743885e+00,1.658842404616029054e+00
1.501354557600839579e+00,-1.086304389424059158e+00
-6.227182713529908487e-01,-9.512089352937515008e-01
2.766946189870846950e-01,-8.644600929678791790e-01
5.423151280706975941e-01,-1.206779984913747050e+00
-8.017361609019317825e-01,-1.083209746598377959e-01
1.445222927556566672e+00,-4.512032079376801508e-01
6.065418230320682724e-01,1.339080189199371995e+00
3.542984791197397176e-01,-1.413599416526714947e+00
6.387469705923433105e-01,-5.905718929326269073e-01
8.969874999638876023e-01,-4.375773473939768010e-01
2.828784437562580356e-01,-4.963395357043206557e-01
1.186092144312679952e+00,1.506621021374746849e+00
-1.076226586042094091e+00,-1.061363856484320300e-01
-1.456888131893632199e+00,-1.059526145796059859e+00
6.559872713870235073e-01,5.379701712398531344e-01
-3.053879178526737181e-01,-7.704150007134407119e-01
6.102900904391002079e-01,-7.257488291066211961e-01
-1.443503496894200877e+00,-1.020587597718283002e+00
-8.079472793094196748e-01,1.221881077450196473e+00
4.304971473119356129e-01,-1.249640320143962313e+00
-1.129128163344575553e+00,-4.345145950543763402e-02
8.669096369282066616e-01,1.453224098884655868e+00
-5.350533548311736665e-01,-7.550057491229620332e-01
-1.172791546277757446e-01,-8.866265903344716648e-01
7.021377481000473653e-01,-1.182288091943076269e+00
1.116904021312449924e+00,-6.250084737442613836e-01
-1.710925167723857721e+00,1.383911718874379471e+00
1.443017621133574790e+00,-5.738968801866651814e-01
4.663973341884437018e-01,4.062878240859101875e-01
-8.298417302625118452e-01,-8.649165301143103557e-01
-8.843721287409627152e-01,-8.731546081039034402e-01
1.923406376677940233e-01,-6.541913437915068963e-01
1.202743762428441832e+00,1.294283538192361860e+00
4.209235386599445294e-01,-1.288785282456850645e+00
-1.303849012525833961e+00,-1.086396634298545161e+00
-2.383460920468413735e-01,1.086042643150854081e+00
-1.497306999991850240e+00,-9.724453201767864208e-01
-1.460485134844657029e+00,-9.662276474816836602e-01
-1.587551165322998170e-01,1.337744960653199700e+00
-8.024297467949400575e-01,-5.007065555303984172e-02
-9.460159665943433938e-01,-9.274485796673832549e-01
1.210735547568654535e+00,1.466374731951513688e+00
6.199583080106846333e-01,3.575143573588350776e-01
-1.362402333617588335e+00,1.336959525703260265e+00
4.256824136054958574e-01,-6.759866341922946553e-01
-1.019751104170435241e+00,1.015181231257053174e+00
-6.347501857686961291e-01,1.128660809944675991e+00
-1.344204858658639701e+00,-9.523259327899458171e-01
-1.525460110219644339e+00,-2.850040916861740214e-01
2.462794283910734738e-01,2.493415325935217919e-01
1.628761706726623792e+00,-4.625594206478036985e-01
-4.101582330537258958e-01,-1.292650797629771198e+00
-1.108844571911120847e+00,-8.421693348774578203e-01
8.967486457816579160e-01,-6.431330305415743354e-01
-9.129592171523186472e-01,-8.275512597257365099e-01
1.486298172724874966e+00,1.424586785463651362e+00
1.394313934457582116e+00,-4.697950335616886686e-01
1.386483208098823416e+00,1.432744711874079035e+00
-5.830797256273947404e-01,-1.335375078263529414e+00
-1.102806319916893596e+00,1.260452550181364817e+00
6.783990631828318296e-01,-5.992363287606701228e-01
1.069507052778495781e+00,-1.246164221986751475e+00
1.479804110900247993e+00,1.711392817406997446e+00
9.138288201069283412e-01,1.312520051196622184e+00
-5.759055645416876201e-01,1.125335319357855468e+00
-1.787865222103945592e-02,1.176248304087447627e+00
1.337098415796061701e+00,-5.370430553855981559e-01
1.500980230429934226e+00,3.974170409497251866e-01
8.984859743126366594e-01,-7.449001826754815259e-01
-1.282267092479251414e+00,-9.622317465679491866e-01
6.833746242388258896e-01,1.274179292164212107e+00
2.083879192911044370e-02,1.105381683057196085e+00
1.068961462190090250e+00,5.822646752855360486e-01
-3.643090204294481271e-01,1.935931592743197691e-02
-1.365102657041609824e+00,9.169855766146105536e-01
-9.354812195332731228e-01,9.419042534914980891e-01
1.013370382319139784e+00,1.445257235090958714e+00
3.732494495004828883e-01,-7.015679535240226805e-01
-3.663035946045988759e-03,-8.931636364983472909e-01
-1.175426300555112880e+00,-1.498442407719033920e+00
-1.041820983000674383e+00,-1.254034017549513214e-01
1.390460612012082375e+00,-1.205376011628854105e+00
1.607831502459454054e+00,5.564433160368016384e-01
3.071997539287471546e-01,-9.313701415436248521e-01
1.182973597139930888e+00,-3.906592684727521192e-01
9.847072987072186256e-01,1.409740650079825519e+00
-2.472622430892419121e-01,1.241295533905355519e+00
7.936947061780900148e-01,6.108025480492229597e-01
-1.048366799841645491e+00,1.151869045969725613e+00
-3.334977975823530949e-01,-6.257689814034693709e-01
-2.158105081145822446e-01,1.203476999095880684e+00
-1.571122152498745317e+00,9.024238567877470585e-01
1.553042586088565769e-01,1.751235364846969178e-01
1.496274605269165114e+00,-1.266098262676351283e+00
7.528291523786430073e-01,-5.689206477611820079e-01
-1.159475657090143441e+00,1.559706712198066114e+00
-1.649303277763256137e+00,-1.049659107779620904e+00
-1.500785791103794731e+00,-1.445021292946487179e+00
3.550623281107544993e-01,-7.310538948575598939e-01
1.902215122848724960e-01,1.352770362974472063e+00
-6.677849223812930557e-01,-1.361083820771636255e+00
1.559034676801496211e+00,-5.163158284144940824e-01
1.086765251895846385e+00,-5.290177728867410112e-01
8.398190826936038356e-01,-1.227042009512064435e+00
1.539506263248653140e+00,-5.207940378577231577e-01
-1.599985427241172653e+00,-1.104159476019983988e+00
-8.962432141395129115e-01,1.313991344470818445e+00
4.493584431496627229e-01,-6.413935063767505218e-01
-1.496147764746329933e+00,1.081590182382859977e+00
-9.236052339932629973e-01,-1.663815144107121669e-01
9.860832628180808967e-01,-4.435736491520840818e-01
-4.324047969346175163e-02,-6.803266709508318799e-01
-1.588243116735808425e+00,1.397652638710727091e+00
-7.040057339872736186e-01,1.640614975471248738e-01
-5.969353097861040958e-01,-8.171590307423527433e-01
5.760998435661902617e-01,1.086626745701566588e+00
5.846273015979119858e-01,4.800706132101094648e-01
2.137851390572283877e-02,4.823692070664111209e-01
-1.409925192970830521e+00,-9.356124935951978250e-01
1.353947070190293644e-01,1.079234830553978508e+00
-1.110602021901933911e+00,-9.536445383178597801e-01
7.679670811543232167e-01,-5.987391895476302794e-01
-1.685480986871880527e+00,1.227780467062217662e+00
1.084544606272134892e+00,1.592292623087114833e+00
9.893478870535037384e-01,-5.278956454490815187e-01
5.441388412691172682e-01,1.444645109644004499e+00
-3.794376390161077750e-01,-1.364952245543550768e+00
5.812038475067043269e-02,-5.719925724260289668e-01
6.847193444136576712e-01,-1.337735934461105280e+00
-1.158562179010403037e+00,-9.731465544497475140e-01
-4.675953116439334201e-01,-7.749971645377708995e-01
-3.348142304969584093e-01,-7.887571385282932113e-01
1.129814446569746611e+00,-7.004787328026410576e-01
-8.492396659760983457e-01,-1.489451045164462695e-01
8.649640296622963520e-01,1.460229516648956283e+00
-3.449425612601657587e-01,3.060145047922853689e-01
6.900142883412342665e-02,-1.292820946636875190e+00
-6.559220800790763750e-01,-8.106530669561091695e-01
5.094500097117806714e-01,-6.235264011054487687e-01
-1.508536427364259858e+00,-1.489166095113686694e+00
1.484612839745289792e+00,6.364949193446274300e-01
-3.733993904040096012e-01,-1.386527321993739514e+00
6.484681785523430664e-01,-5.565667757352066314e-01
-9.272231207741039594e-01,-1.354457379485832558e+00
1.138245851331704195e+00,-1.215141623432349771e+00
-2.936236024592487337e-01,-1.314416258231212220e+00
1.608824923294742248e+00,-3.956374553014319617e-01
-3.314785465827366912e-02,1.270087835526886311e+00
-9.236347264374491495e-01,1.075790772407074547e+00
1.669243993449981200e+00,1.528943805274279644e+00
1.043363793284803227e-02,-7.999044402388977293e-01
1.509955636884223518e+00,-6.206806584978475927e-01
-1.000631680737632978e+00,1.456468867510438914e+00
-1.254865494928233405e+00,-1.389540134282024886e-01
-1.293951112999127406e-01,-7.266495644524740838e-01
-9.281748067524307755e-02,-1.311984506738670841e+00
1.212932028783745286e+00,-4.022433278981349392e-01
-1.056873447548084766e+00,-1.011257773569533835e+00
-6.192019877925672988e-01,1.297804106183097828e+00
1.068005510888703213e+00,-7.871904913725950026e-01
1.312379000896669590e-01,-5.362574884587183455e-01
1.630213740060524108e+00,-6.235008901701940554e-01
-1.129051806282844961e+00,-8.015849600275856135e-01
1.520577232223166098e+00,-3.838558261087119949e-01
-1.110286174586307295e+00,-1.016509743745302341e+00
-7.765750804028180854e-01,-8.877269693953619978e-01
-6.209061518695592197e-01,1.311581994744837276e+00
3.817443545404565763e-01,1.392283675054307723e+00
1.472589167367804652e+00,1.127146061841827418e+00
-7.376409361487632488e-01,-9.866966429280248363e-01
-1.136455150851815921e+00,-7.775407391867961149e-02
-3.313445961521525041e-01,-1.318389892826752785e+00
1.053291824960868928e+00,-1.227334995171760923e+00
-1.181215478356360205e+00,-1.430105950080571287e+00
-1.662037052480253574e-01,-8.564158893534437045e-01
-1.708072578116065499e+00,1.053833502215941298e+00
-1.517280044697028263e+00,-2.559550847690271747e-01
-6.781933720484462080e-01,1.006547624493205673e+00
-4.618000626081497084e-01,-7.829853766129448722e-01
1.522578439668846206e+00,1.005382130084702119e+00
1.650132022133896426e+00,-4.171816046144970480e-01
-1.624518270067708992e+00,-1.479748992732682344e+00
-9.011493429418102052e-02,1.808439046271160533e-01
1.156226374940892976e+00,1.597115217752152150e+00
-4.914760516473692942e-01,-8.162412853014758829e-01
-1.104422743895265180e+00,-2.644854356321789113e-01
-1.123936194108978270e+00,-6.008107566284542900e-02
-1.123154222249192147e+00,-9.378655613803441038e-02
3.226421778516556649e-01,-5.946054737580626082e-01
-6.016803149883961366e-01,-1.319383247970737694e+00
-1.468716168752530749e+00,-9.953643576015736016e-01
-4.663629490954298434e-02,1.109756158808057114e+00
8.316915151472143997e-01,-1.275808781880935827e+00
1.629830005960100525e+00,1.604308855326543215e+00
-2.555259809074954536e-01,1.505619216413189188e+00
1.300237125071863620e+00,6.904877561769038330e-01
9.039435854206038234e-01,1.283877956545260046e+00
-1.078202146760912639e+00,-1.312298370967946159e-01
-1.314536899711973517e+00,9.611874473912171979e-01
1.470898317334413674e+00,1.547756143158983910e+00
3.429983198146357992e-01,-1.265672786926329119e+00
3.439854565608487236e-01,-5.840881710772574120e-01
-4.820395176503500245e-01,-1.006307577689302013e+00
3.913079420701301436e-01,1.320696859829593395e+00
1.028724919952134886e+00,-4.000842073982163738e-01
2.910154678545821549e-01,-8.252265997004677445e-01
-7.522329835480027205e-01,1.078963472714963290e+00
1.478295910061735441e+00,-4.829374867008763283e-01
-1.338365484098436031e+00,-3.301700347382297562e-01
-3.073016878998457435e-01,-8.523648639416191441e-01
-1.532329194133264183e+00,-1.067631490218054591e+00
5.727376749962493907e-01,1.614950590994593815e+00
-2.936579270898194705e-01,-9.426941610729298038e-01
-1.401357163664999295e+00,-1.988338610051695043e-01
-1.661177199167509944e+00,-1.402586428625011816e+00
-1.316916688579167660e+00,9.606862941422774638e-01
-1.667511743723472550e+00,1.209737244479506701e+00
-1.667322193283096388e+00,-3.541475034695438784e-01
-4.034709291468316916e-01,-1.419201521342062122e+00
-4.907467352139451844e-01,1.185427743082654972e+00
1.413220622953177852e+00,-1.180333294090178287e+00
-8.120788675943133583e-01,1.151423593634064213e+00
-1.481436445145897451e+00,1.174746083486948312e+00
-7.343206625886551375e-01,-8.263493093671524514e-01
1.315078086479965380e+00,-4.281466807574638711e-01
5.125273528688465419e-01,-1.182127752876252158e+00
-1.520934794706823245e+00,9.425651774193771759e-01
-1.049310806651800654e+00,-1.346435755716504756e+00
-5.045857015438649507e-01,-1.457842443347278971e+00
2.788714788352076313e-01,-8.193517278742473708e-01
1.321985775472588553e+00,-3.842396542848898200e-01
1.041361286444319800e+00,-5.315092266747034611e-01
-1.379899627132594953e+00,-1.879794171975255057e-01
1.329925746912377749e+00,-1.202095432375045236e+00
9.728636083101910303e-01,1.575186040991657155e+00
1.597036578922624184e+00,-3.581018511158893802e-01
8.245958455534233567e-01,2.668492915252681508e-01
-1.456875524690721901e+00,1.052322298293113745e+00
1.291137686303305943e+00,1.474673021581755616e+00
1.854479419487974345e-01,-6.199619498487305425e-01
-6.255542414189955158e-01,-8.022595945449380039e-01
-3.143359453619827826e-01,2.287955934838422078e-01
-1.781253426293496200e-01,1.328652655529885651e+00
-9.628231894855240336e-01,-4.572695480872487200e-02
2.815113884576000425e-01,1.535754600968478600e+00
-3.756168783685759349e-01,-6.689678685629916188e-01
3.715024991110426056e-01,4.513011027479030268e-01
-1.260357033492904399e+00,-1.280228332488569098e-01
-1.522708693489827070e+00,1.073771721853499894e+00
1.349161662650059990e+00,-5.644980079489514413e-01
1.374764564422883195e+00,4.602052026652614924e-01
7.861481897908202676e-02,-6.514110077619370553e-01
-7.054006177029417124e-01,-7.910392716065442476e-02
4.000611359396997746e-01,1.153228827273224288e+00
4.980486873820304250e-02,-6.845490134223479739e-01
-1.509696343090352721e+00,-9.773485768386273032e-01
-7.020889096723381684e-01,-7.697890595586294182e-01
1.047884201223473033e+00,-5.338945986980012659e-01
5.317510184410382257e-01,-1.343576599554051398e+00
1.386014035765575692e+00,1.659558516121331762e+00
-1.406709900077703246e+00,-1.022290082334266659e+00
-1.619991606424755259e+00,-9.541766579958205208e-01
-7.244960379404596917e-01,1.192114377035130124e+00
-8.921263478533622004e-01,1.144457000241416056e+00
-1.192277842896520612e+00,-9.345749807369707618e-01
1.314631139292447681e+00,5.425135161635381564e-01
4.816683414626510285e-01,6.217721748716765751e-01
-1.554580771903441905e+00,-1.337689879546989591e+00
-9.333735328271378640e-01,9.950478189374417637e-01
1.438154111426573900e-01,3.490239529241578875e-01
-6.177134174232598030e-01,-1.345261887927475142e+00
1.211968228500506672e+00,-1.322811743954318109e+00
1.638162824272168860e+00,-2.362815231267661187e-01
1.055843998516630577e+00,6.548813422106538606e-01
4.905250730392473058e-01,4.838694958686488162e-02
-5.727391077348956694e-01,1.149114507625579540e+00
1.544449525358066178e-01,-5.075481162249754208e-01
1.128843595800983479e+00,1.361661900986524953e+00
-1.504089437431158416e+00,-1.070713742243799560e+00
4.022843681862749987e-01,-6.057307207771270852e-01
-5.344878177702988564e-01,-7.004716226406861868e-01
-3.347417348280877780e-01,-1.222776296252645473e-01
-1.224868568949819325e+00,-6.928155626859243410e-02
-6.234776110049055076e-01,-1.285760621454318020e+00
-3.674769770457975149e-01,-1.014738342410236527e+00
-3.369802526513519525e-01,1.555100135117853499e+00
-4.672338894297381473e-01,1.100390539843931759e+00
7.594857790124545094e-01,-6.509417438982484372e-01
-2.808924738968808232e-01,-7.883332552023741835e-01
1.257243101670182162e+00,-1.147908400324720191e+00
-1.568465468620708236e+00,8.815236190117077264e-01
-8.594691624776912287e-01,1.137505420045093363e+00
-1.055437624208287239e+00,1.229855109720206396e+00
-7.436668050644195116e-01,-8.580426887896933641e-01
2.591976230214017018e-01,2.088859747060456962e-01
8.115124690125721241e-01,1.605502310829288515e+00
1.608288005331337978e+00,-5.596978459982034915e-01
1.057225300817324909e+00,6.210396022950496198e-01
4.727489424808174467e-01,-6.642333496335849352e-01
2.474903464779920070e-01,5.231562678489387608e-01
-6.811501134357086373e-01,-9.068423076004037409e-01
6.851638175322657398e-01,-6.627884207822752893e-01
8.984099408815302557e-01,-1.199890069761862854e+00
-1.016929064797823967e+00,-9.331430646861416101e-01
1.078131656235221003e+00,-6.200208243770173322e-01
-1.435143051785455093e+00,-9.784199402639235377e-01
-9.933586769614148881e-01,1.267667807057833107e+00
-3.514576736184126249e-01,2.020067435870939454e-01
-1.483218670859735244e+00,-9.193252765604031929e-01
-3.935038373994602101e-01,9.266028417594831534e-01
-3.506193019194627225e-01,-7.952593308758717505e-01
1.296113142832553855e+00,1.542895567983293192e+00
-1.578411764404205261e-02,-1.283701571598150792e+00
5.358729676992879387e-01,1.471982787891589872e+00
-6.858365520164466655e-02,4.159054046712425956e-01
6.970786172803304925e-01,3.541096837623804450e-01
1.003717499348499631e+00,-1.171700351520939209e+00
5.164446032197115288e-01,-6.731218117589411465e-01
1.382027888344111721e+00,1.411928433116738102e+00
-1.561804681510817527e+00,1.200726002019206762e+00
6.347045658846124372e-01,1.449847237292563040e+00
3.221938867383322136e-01,-7.551485949281864229e-01
1.276890163281957813e+00,1.543620310481405022e+00
1.647921673512698471e+00,3.829468978619616770e-01
-1.273470309965762493e+00,1.251910797989175483e+00
2.678386811306573412e-01,-1.313952770997734554e+00
1.505800253490857887e+00,1.534583163359952040e+00
-4.618184467204747845e-01,-2.892934336396720332e-02
1.599814618096318530e-01,-6.163525148397771547e-01
-5.167941313950191740e-01,-7.548762882130236607e-01
-1.242409061990371599e+00,-8.569387295165343810e-01
-8.501532870834472844e-01,1.213187759852589087e+00
-1.713261545306347333e+00,1.126127778985162697e+00
-3.206568197414361859e-02,1.339248713150618553e+00
1.327813791450453973e+00,6.441633245264367646e-01
5.731905477918658454e-01,-6.049761105940092420e-01
6.711696451624834525e-01,1.480250200838056251e+00
-1.677758600252266863e+00,6.729023607333088908e-01
3.920986151149700172e-01,-1.236500907283283990e+00
-1.275855223012136497e+00,1.186937782098075100e+00
-4.477485241730569387e-02,1.337489304851741112e-01
-7.177513659255935208e-01,1.216587704037306983e+00
1.007395800929458796e+00,-5.081977352811450910e-01
5.382223097088705277e-01,-8.362559474485808941e-01
-3.028205018678092886e-01,-1.399047502204747717e+00
-8.147371858076802864e-01,-6.176277162138693079e-03
1.490202228768057857e+00,1.660061641104469299e+00
1.025572663201144819e+00,-6.950957209895238798e-01
1.171514336530988798e+00,-1.259087452842431620e+00
-6.841049184479394141e-01,-9.265527836240766701e-01
-7.717506366240790561e-01,1.026155297837386904e+00
1.936839105920561965e-01,-5.242601812142381190e-01
-3.691476161946143364e-01,-1.320908914226617270e+00
1.683538347563225956e+00,1.492024529794331311e+00
-5.781288618418433112e-01,-8.542627069952445362e-01
-9.065402498321905034e-01,1.502466892946576760e+00
-6.658055919097872755e-01,-8.870254824008985128e-01
-6.610583563956841102e-01,-9.539731398007427199e-01
-7.404560846817727082e-01,-9.645579790589585700e-01
-3.936757234107721853e-02,1.284970883309664247e+00
1.373192518617325053e+00,-5.194374676610082897e-01
-1.270733394733285726e+00,1.143610391947095239e+00
-4.593240177757015874e-01,-7.568147189834384392e-01
-4.158414201391580911e-01,-8.421163472065650302e-01
1.137398956590016441e+00,-6.871718188553164186e-01
-3.635376141911955683e-01,8.591803985547644129e-02
7.442914199585254353e-01,1.562871878616985510e+00
-6.715029619729718791e-01,-8.398304924444947028e-01
4.261244680820809871e-01,1.393116895074921313e+00
1.162321667298139571e+00,1.593336798449350056e+00
9.317447314534543779e-01,-3.674304030211338334e-01
-1.082062288924556581e+00,-8.549407167760521009e-01
-1.987239916255373606e-01,-7.248762273297405523e-01
1.031987053000595012e+00,-4.746353659428522165e-01
5.691994742657267015e-01,1.004522066126057461e-01
2.048373714243786545e-02,-5.211243613975821004e-02
1.289908138240475344e+00,-7.021705883894736600e-01
3.665479572592459379e-01,1.405014207092397438e+00
4.962179599433321209e-01,1.557909237597294494e+00
1.478341816298136324e+00,5.737598471841550696e-01
-8.228524408343318441e-01,1.388900242304514920e+00
-5.360195548005588506e-01,1.149339478905811562e+00
-1.077184958815074589e+00,-8.286672855475026023e-02
1.288856887995826650e+00,1.461424492787206209e+00
-3.190040490710272514e-01,-1.237824386275415911e+00
-8.850810325888193442e-02,-7.318874639027411755e-01
1.043049822835273588e+00,1.405360113306995506e+00
6.274151929606871514e-01,1.557507206709028313e+00
5.682192597602140349e-01,-7.363660645902665447e-01
-1.234471097123071459e+00,-1.427004449642087225e-01
1.656182121656234019e+00,1.632429200138802772e+00
8.175064260786675252e-01,-7.697906912530263490e-01
-9.318971708134119458e-01,1.053463691559853199e+00
1.676114676484141697e+00,1.618218902611537446e+00
-3.976367232325839218e-01,-8.229398888654371191e-01
1.201767988510014762e+00,1.113515898457589914e+00
4.094544383317241798e-01,3.036566557111477493e-01
-1.032358579638830154e+00,-8.996007667191127100e-01
9.336182321870774015e-01,-5.718482601452461456e-01
1.013151787320925923e+00,1.477685216998514184e+00
-9.495391058841622101e-02,1.374592163621261687e+00
4.902259959573944670e-01,-5.463944659221704470e-01
-1.349214926057608954e+00,1.273590716362113628e+00
1.100885119335043516e+00,3.221025577326498412e-01
-1.553970680495943668e+00,-9.602930292101906629e-01
-8.626586564658030032e-02,3.011716699885989557e-01
-5.941982602791227031e-01,1.230983117559276030e+00
1.406993457223045807e+00,-3.673901365648916673e-01
8.347840737391249988e-01,1.646864305444201371e+00
5.080558164542776645e-01,6.721597611699867691e-01
1.387841244120516571e+00,-1.169424983908260218e+00
4.164976111733487696e-01,-5.016661798397916705e-01
-1.571557754780592564e-01,-7.008289027001110005e-01
-1.375990984326625588e+00,-1.098135687036107644e+00
7.105224240586166529e-01,-6.194121453791169296e-01
-7.801234366895744288e-02,-1.260833666510822626e+00
-2.585596700270527126e-01,3.802739338516757106e-02
-5.813271752241038204e-01,1.474291560391700173e+00
9.320147496697358536e-01,-1.236688775164716203e+00
1.058175160680161708e+00,-3.786772597783829020e-01
-3.564882959829152043e-01,1.558845094523299835e-01
-7.658010483123878220e-01,8.948551945140892361e-01
2.904307941766110304e-02,1.470690629251918624e+00
-8.009043468412625488e-01,1.118981275910382100e+00
2.404159237105278346e-01,-6.975558052012520438e-01
-1.094704404479966309e+00,9.738085596622920725e-01
-1.427277904184105051e+00,-8.580822442821235407e-01
-1.322670198651350715e+00,9.510588177935440646e-01
-1.373647275218666364e+00,-2.512796269803878046e-01
4.791754803915219130e-01,1.414974336489063511e-01
-3.609556750422324156e-01,-8.486155156503051300e-01
1.417850921781675932e+00,1.543129075262440697e+00
5.875062743706170876e-01,1.378700060210457545e+00
4.192253988069423176e-01,-9.882461699043599834e-01
1.344916258771071682e+00,-6.341107975122604046e-01
1.220262115993427710e+00,8.650115317949297333e-01
1.226844842497996968e+00,1.289690935045504361e+00
3.325173135260920398e-01,1.402856909712781874e+00
1.277479705202704541e-01,2.654104542194430927e-01
5.385109110360430940e-01,-5.884375748459775846e-01
-1.106221724825605657e+00,1.275051098470936450e+00
1.294489202937133987e+00,1.601202569548676458e+00
3.913133732447526270e-01,1.243979503128595399e+00
-3.269361768537497048e-01,-7.699619248003893857e-01
1.649668210851900740e+00,6.282377131979497431e-01
-1.158423304658543040e+00,-9.242549824626489219e-01
-6.987589802215169454e-01,-9.153917529126224251e-01
-7.058070063347700041e-01,-8.453081056821177830e-01
-6.326154659999327912e-01,-1.267005538934539377e+00
3.710960200528869990e-01,1.587448676982695650e-01
-7.681564370798811270e-01,-8.488894850346614396e-01
-1.672030701969928979e+00,-3.413410696332054850e-01
6.987495919274316902e-01,1.500518329569311637e+00
-1.087430791997839874e+00,-1.577508088520760965e-01
-1.227315279201967924e+00,-9.140465048575343587e-01
-3.266656831474255562e-01,1.116319649205896658e+00
1.751604476001494548e-01,3.939303380867461013e-01
-6.450307548154012860e-01,1.183901637324161982e+00
-1.663249823366919511e+00,-1.053841885651700228e+00
1.206941601312468082e+00,-5.324458573920241022e-01
1.281011363573794748e+00,-4.246910276749875646e-01
1.782837007340735413e-01,1.093006082603627194e+00
3.821847548870401234e-01,3.673318836133620535e-01
-1.886892292783139413e-01,-8.675609112265776357e-01
4.898351257797316505e-01,-6.665249575893830158e-01
1.100136862573557028e+00,1.421525877927259263e+00
8.941177043382597667e-01,5.781903824605881814e-01
-3.450883183770857010e-01,-1.364936575576477074e+00
5.251691346857024767e-01,-1.360755630034122365e+00
3.059040457078529562e-01,1.392078622009887079e+00
-1.283844194623527057e+00,-1.877096450022927854e-01
-8.584405603163099974e-01,1.120823803810798713e+00
-1.539237303874650964e+00,-9.695691582958390065e-01
1.149679793377494263e+00,-1.245294617924374903e+00
-1.657241488222618520e+00,-9.978016772854793048e-01
-1.277073977044833164e+00,-9.571743924593163477e-01
7.955211558147503581e-01,-1.248305730806309688e+00
4.384135317347230831e-01,5.359386201390360371e-01
5.293994378764023123e-01,-6.270367664376210737e-01
-3.554323722094276938e-02,-1.230976183807957147e+00
1.274034142549785642e+00,-5.309637726923217560e-01
-1.485930208379725892e+00,-1.435837248318380999e+00
7.000312616609375427e-01,-5.121430589081814588e-01
-1.135989039308548110e+00,-1.396477790856140988e-01
-5.548260409364620394e-01,1.253667928586030822e+00
-6.324388888049343738e-01,1.291542664064501134e+00
-1.396277401109163874e+00,-1.425370345137482397e+00
-1.269146142726105042e+00,1.342626467746082630e+00
-8.298341978198927604e-01,-7.855505167942026246e-01
-1.620656680337915434e+00,1.239164024271379061e+00
-8.442427250708374187e-01,-1.528340956892280667e-01
1.040535818085658176e-01,-8.336135352147440170e-01
-1.593769872108389052e+00,-9.166617958424297941e-01
-7.720498534400109802e-01,-1.021184468002240608e+00
1.162098559994178965e-01,-6.964830137821602651e-01
9.580693117372560685e-01,-5.696053688632247702e-01
-2.392397534369499756e-01,3.560856038004455576e-02
-1.402784112487020174e+00,-1.425413451488721339e+00
-1.652903760359814456e+00,-1.087044281667094658e+00
-1.565803650951635539e+00,-1.285156477541748554e+00
1.181000948308956300e+00,-5.065613520090991306e-01
-1.056634142311822844e+00,-9.860225594413207784e-01
8.927266136472753466e-01,1.442514418768673812e+00
-4.232411139954202484e-01,-4.279579323849520139e-02
-2.555984858900096635e-01,-7.851807285734008213e-01
1.675174421607173558e+00,-1.160019354452595852e+00
-6.539182599322471701e-01,1.015681279912806989e+00
-2.306274694002169445e-02,1.204015652608170672e+00
1.574351962974890995e+00,-3.127261301193686727e-01
-1.698545557587691768e+00,-3.327542768484962332e-01
1.197054328135473966e+00,1.555689890326690916e+00
3.361740496593562111e-01,1.427929457695513049e+00
7.289301499662352857e-01,1.373445443910781272e+00
-1.023843161289834658e+00,1.263315944918699918e+00
1.213582781132735544e+00,4.134326591685361096e-01
3.574477062905840330e-01,1.246961058146057510e+00
1.371470136353967195e+00,-4.014610649737490600e-01
1.456979277205285639e+00,-3.354121044595020362e-01
-3.127694944518457087e-01,-9.337802221745780118e-01
-1.641118813001727794e+00,-3.519342949431352174e-01
-1.022937619424526989e+00,1.160608039253497425e+00
-1.679334440305349230e-01,1.149309000515810641e+00
1.667142293278807363e+00,-6.264347866734029102e-01
1.565988902238291569e+00,1.465084545430100027e+00
-1.493867204095166157e+00,-9.637939692051449292e-01
-7.963335693279904870e-02,1.275821985428567062e+00
1.500436051596729214e+00,1.569952149876443714e+00
6.227170827522811036e-01,-5.638024653708277878e-01
8.128234477220414034e-01,-5.181381666295996613e-01
-2.097333946671270030e-02,1.385735125557651659e-01
-5.478683090571474512e-01,4.032460509560716749e-02
-1.683974370204878390e+00,-9.904800674714342446e-01
-1.158918868562677229e+00,-9.480638148330496895e-01
-7.386983883118850569e-01,-1.480437598719452352e-01
3.472378618017852303e-01,-6.735200866406314546e-01
-8.838299074292417234e-01,1.174864280281497697e+00
-1.501707041775773188e+00,-2.941790159038802921e-01
-1.134404325311480832e+00,1.147165702348995620e+00
1.286993444510750040e+00,-1.161174276346154333e+00
8.976073864643181743e-02,1.182659343984240552e+00
5.324887960661454089e-01,1.234471947568291261e+00
-4.554577586453967819e-01,1.191931771897488668e+00
-1.252099491106979601e+00,-9.161284278510326562e-01
-2.506001550088877150e-01,2.594326932380287007e-04
-3.962532399154176099e-01,-8.558556895191624658e-01
1.138709913927585582e+00,-4.367792139914129512e-01
-3.491338062706111356e-01,-1.373840181300399754e+00
1.329317953584848055e+00,-5.888567497283966334e-01
1.147112718081636951e+00,5.216336863646144906e-01
-6.506071866004727866e-01,6.179392347612980979e-02
-1.578088992100350252e+00,1.093940242952143205e+00
7.750098256173476585e-01,3.491072334081729567e-01
9.722766378026411749e-01,1.492004906962037802e+00
-9.991259705614188302e-01,-9.514351916949170818e-01
8.114131821938780353e-02,1.298602968673620905e+00
7.502591794835397065e-01,-6.931328177628437448e-01
-1.841139480121402371e-03,1.250755497501191638e+00
1.097476696089231041e+00,-5.155489841283565911e-01
9.128185690919083939e-01,-6.215141006552024061e-01
-8.552285689418716030e-01,-9.271575716915116949e-01
-1.346394843242822104e+00,1.077541282526977895e+00
-7.772142512109808665e-02,-7.927708191125062420e-01
-7.114837552885829863e-01,-1.404659490665874255e+00
-1.029200738616629973e+00,1.124090835098164876e+00
-6.251198787549232250e-02,1.310347428332613029e-01
-2.529081603302889558e-01,8.953073049965369901e-01
-7.502956423268055675e-01,-9.208122936704974393e-01
-1.265939932705748339e+00,-1.380103726318364421e+00
-1.525383290471152176e+00,8.457922039006865456e-01
9.601246772383514871e-02,-5.620743347184208316e-01
-1.452464533658128221e-01,-8.751868060190443055e-01
5.994948602321928943e-01,-5.928487626808540689e-01
-3.368430618128172571e-01,2.386386844648531180e-01
-9.577803415433551182e-01,-1.009721734054520592e+00
1.611443017686254198e+00,-1.159365677078638912e+00
-1.032440163221640228e+00,-1.290034799973938107e+00
-1.561127758436752222e-01,1.010752044315680997e+00
-8.812415398267249289e-01,3.154019949154197866e-02
1.156532195309342370e+00,1.426913272331790772e+00
-1.480811468878374004e+00,-9.500796952878463042e-01
3.377408321851133044e-01,1.528518752856026008e+00
-1.327220775315673063e+00,-9.048498449309858582e-01
1.047927676662681051e+00,1.309651012133052905e-01
-4.891080947877611274e-01,-8.901220136991229159e-01
4.185112734335773021e-01,1.366662366134780981e+00
