,epoch,discriminator,discriminator (val),generator,Actual wasserstein-1 distance (Validation),Estimated Wasserstein-1 distance (Training),Estimated wasserstein-1 distance (Validation),Actual Wasserstein-2 distance,Mean Cond. Wasserstein-1 dist (Test),Mean Cond. Wasserstein-2 dist (Test)
0,20,-0.20749691128730774,-0.03336001932621002,0.4791090190410614,0.5245794,-0.10845465213060379,-0.04305608570575714,0.57082963,26.421324,27.572851
1,40,-0.13142496347427368,0.6107622981071472,2.0515904426574707,0.6122046,-0.07050567120313644,0.2333613485097885,0.6552851,39.95108,44.617985
2,60,-0.12301842123270035,-0.11543615907430649,2.990431547164917,0.17097071,-0.06685352325439453,-0.05531378462910652,0.21442954,9.963257,11.5552635
3,80,-0.3277447521686554,-0.15611369907855988,3.8549253940582275,0.16103794,-0.14730066061019897,-0.07455722987651825,0.18424147,9.864525,13.139674
4,100,-0.3201659619808197,0.024916812777519226,4.680671215057373,0.18422376,-0.16499917209148407,-0.037189267575740814,0.2246595,12.311357,15.745981
5,120,-0.13428223133087158,-0.19066841900348663,5.195097923278809,0.12162076,-0.09453194588422775,-0.1018156036734581,0.13819686,10.043997,12.766484
6,140,-0.3317025899887085,0.02657480537891388,4.424368381500244,0.118614435,-0.160760760307312,-0.04901834949851036,0.1505633,11.127063,12.761655
7,160,-0.14534294605255127,-0.0791267603635788,6.024296283721924,0.12674649,-0.060761213302612305,-0.03273216634988785,0.14308937,8.019678,9.438622
8,180,-0.22709758579730988,-0.10220171511173248,5.132531642913818,0.08200799,-0.11791802942752838,-0.051292404532432556,0.10609991,9.169615,10.241958
9,200,0.0027364566922187805,0.08140502870082855,6.322043418884277,0.24811685,-0.022358518093824387,0.016808699816465378,0.27756432,7.5052905,8.459308
10,220,-0.015103070065379143,-0.10244783014059067,7.419816493988037,0.07336262,-0.011812263168394566,-0.04171409830451012,0.093710475,8.62158,9.893614
11,240,-0.1032457947731018,-0.11920767277479172,6.4756340980529785,0.06759009,-0.05024360865354538,-0.045626018196344376,0.08765637,8.130833,9.214091
12,260,-0.12190902233123779,-0.09113019704818726,9.645020484924316,0.11986828,-0.053452156484127045,-0.04194417968392372,0.1478049,7.5142326,8.572434
13,280,-0.1256190538406372,-0.17903189361095428,11.051465034484863,0.062238675,-0.05856938660144806,-0.06981145590543747,0.07887633,7.324144,8.46473
14,300,-0.3139806091785431,-0.18796372413635254,12.006562232971191,0.06542285,-0.133759543299675,-0.06213220953941345,0.08107433,6.8622494,7.8340564
15,320,-0.34928616881370544,-0.33737775683403015,18.56552505493164,0.06230082,-0.13964764773845673,-0.10720474272966385,0.077276334,6.744097,7.7634406
16,340,-0.5603674054145813,-0.4869031012058258,24.481473922729492,0.07187958,-0.1723478138446808,-0.13808679580688477,0.09374665,7.0164227,7.9323187
17,360,-0.8243969678878784,-0.5508903861045837,32.636695861816406,0.06381244,-0.21375255286693573,-0.17126861214637756,0.07450597,6.2191815,7.1961083
18,380,-0.6284661889076233,-0.6328248977661133,33.927001953125,0.115626,-0.2139945775270462,-0.1646190583705902,0.15232809,6.0657015,6.772138
19,400,-0.7411995530128479,-0.7544580698013306,35.63240432739258,0.05728408,-0.2416997104883194,-0.2153419405221939,0.08173563,5.9760437,6.771196
20,420,-0.9247406721115112,-0.7029434442520142,40.93899154663086,0.15761288,-0.29800403118133545,-0.20765233039855957,0.2290335,5.9715405,6.703011
21,440,-0.8957067728042603,-0.7931255102157593,40.85026168823242,0.10945931,-0.3188389837741852,-0.22576068341732025,0.14150934,6.0505767,6.8453484
22,460,-0.94971764087677,-0.840221643447876,39.98100662231445,0.15529592,-0.3089516758918762,-0.2674000561237335,0.18977354,6.3572063,6.9306026
23,480,-0.716768741607666,-0.8409242630004883,42.053855895996094,0.13106571,-0.23328383266925812,-0.23458005487918854,0.15298799,6.4810863,7.2034492
24,500,-0.9299057722091675,-0.7888721227645874,45.31480026245117,0.21876532,-0.2918957769870758,-0.2157764732837677,0.2819112,5.880289,6.623685
25,520,-0.9630863666534424,-0.749758243560791,41.09161376953125,0.17053065,-0.28738588094711304,-0.25214117765426636,0.2396316,6.363623,7.04431
26,540,-0.7544968128204346,-0.852940022945404,40.53974151611328,0.18601139,-0.29158395528793335,-0.26577693223953247,0.20928149,6.519357,7.163126
27,560,-1.0275719165802002,-0.9078186750411987,36.688209533691406,0.16714776,-0.32921290397644043,-0.2461598962545395,0.21245894,5.744871,6.4507127
28,580,-0.7878632545471191,-0.9107519388198853,38.83734893798828,0.14327596,-0.28410622477531433,-0.25191304087638855,0.16225949,5.9252605,6.6370196
29,600,-0.9287042617797852,-0.9235069155693054,42.1689338684082,0.18116435,-0.26004523038864136,-0.2779683470726013,0.198471,6.9837666,7.728706
30,620,-0.9273613691329956,-0.7691043615341187,36.56045150756836,0.13862818,-0.31025969982147217,-0.23543551564216614,0.21862057,6.1835876,6.9465437
31,640,-0.9943767786026001,-0.9116787910461426,33.04886245727539,0.15887538,-0.28704819083213806,-0.2926703989505768,0.18657133,5.810577,6.6554747
32,660,-0.9726186394691467,-0.9287833571434021,32.89751052856445,0.1546892,-0.2920174300670624,-0.26035210490226746,0.20684412,5.85002,6.6823864
33,680,-0.8152913451194763,-0.9438074827194214,32.76692199707031,0.12607671,-0.24148428440093994,-0.2781616151332855,0.15776487,5.7341466,6.496561
34,700,-1.0018906593322754,-0.9700455665588379,31.082416534423828,0.20308188,-0.30366772413253784,-0.3040383756160736,0.25822496,5.832277,6.5700517
35,720,-1.0189180374145508,-0.8825036287307739,33.038700103759766,0.22738534,-0.3757752776145935,-0.2589331567287445,0.3297124,6.0648136,6.938712
36,740,-0.5927773714065552,-0.9774391651153564,26.97612762451172,0.25099725,-0.3063585162162781,-0.3035018742084503,0.27324536,8.032265,8.9299555
37,760,-1.0818016529083252,-0.8955769538879395,27.882347106933594,0.18761864,-0.33216598629951477,-0.2854819893836975,0.20191601,6.431563,7.200925
38,780,-0.9991403222084045,-0.9449477195739746,27.207992553710938,0.15916651,-0.3109751343727112,-0.2846846282482147,0.18323295,6.7349176,7.3236217
39,800,-1.2161070108413696,-0.9318591356277466,30.430124282836914,0.17897403,-0.35361987352371216,-0.2817060947418213,0.20715313,6.3822255,7.418093
40,820,-1.0579519271850586,-0.9386537075042725,26.56015968322754,0.25151592,-0.31716397404670715,-0.2877522110939026,0.29437086,7.634716,8.38187
41,840,-0.9004783034324646,-0.9064608812332153,23.6595458984375,0.18423843,-0.2794964015483856,-0.25960206985473633,0.24162173,5.8089104,6.571597
42,860,-0.8640596866607666,-0.9399637579917908,28.27895164489746,0.18740998,-0.310179203748703,-0.3031110167503357,0.23341937,6.866427,7.6505322
43,880,-1.0101494789123535,-0.9236080646514893,22.096435546875,0.15134367,-0.3308650851249695,-0.28091031312942505,0.18383786,6.1742916,7.065818
44,900,-0.8443797826766968,-1.0056685209274292,23.470014572143555,0.29530576,-0.252675324678421,-0.279352605342865,0.30824882,7.3632483,8.3558235
45,920,-1.015135645866394,-0.9327165484428406,24.18665885925293,0.118605234,-0.2988351583480835,-0.2768044173717499,0.14258623,5.8465548,6.697723
46,940,-1.0391665697097778,-0.9105638861656189,23.83380889892578,0.19550253,-0.32650649547576904,-0.26175665855407715,0.2183401,6.071952,6.987346
47,960,-0.996487557888031,-0.8515588641166687,23.266263961791992,0.13681288,-0.31627172231674194,-0.264717161655426,0.19658534,5.6785016,6.5072646
48,980,-0.9640438556671143,-0.8290034532546997,19.01097297668457,0.21080111,-0.29850244522094727,-0.26120972633361816,0.26327407,6.4072437,7.08528
49,1000,-0.9139489531517029,-0.8549525141716003,18.376089096069336,0.17990275,-0.28656816482543945,-0.2671835124492645,0.22006199,6.7250686,7.462122
50,1020,-1.0011990070343018,-0.7755519151687622,19.07159996032715,0.18683803,-0.30186739563941956,-0.22503726184368134,0.26159588,5.629273,6.3417554
51,1040,-0.7142709493637085,-0.8622137308120728,20.39759063720703,0.14117964,-0.2725532054901123,-0.26455965638160706,0.23004429,5.503772,6.272829
52,1060,-0.7667754888534546,-0.8516165018081665,16.6568660736084,0.18863623,-0.22038012742996216,-0.254035621881485,0.20706478,5.8085804,6.6274962
53,1080,-0.8828955888748169,-0.778687596321106,17.845035552978516,0.17859416,-0.2734944224357605,-0.25239819288253784,0.19599907,6.377306,7.2069926
54,1100,-0.8365315198898315,-0.8473484516143799,15.987849235534668,0.19988884,-0.3181958794593811,-0.2695562243461609,0.29327443,5.672152,6.4060473
55,1120,-0.8104628920555115,-0.8415957689285278,17.328380584716797,0.17425182,-0.2774386405944824,-0.26613906025886536,0.22893883,6.145598,6.9100184
56,1140,-0.8673989176750183,-0.8424515724182129,14.279691696166992,0.16114773,-0.2590380609035492,-0.24886706471443176,0.18460682,6.267364,7.0558147
57,1160,-0.8447675704956055,-0.8330610394477844,14.23904800415039,0.11280974,-0.24684853851795197,-0.23588381707668304,0.14370999,5.5796165,6.4096613
58,1180,-0.8937350511550903,-0.7828735113143921,17.92902374267578,0.14482513,-0.30855780839920044,-0.25911208987236023,0.22108878,5.2894955,6.1258545
59,1200,-0.7478450536727905,-0.7813409566879272,14.187070846557617,0.16683814,-0.26446473598480225,-0.24835555255413055,0.21508506,5.371478,6.1277184
60,1220,-0.6875717639923096,-0.7239178419113159,11.595072746276855,0.24148914,-0.23155835270881653,-0.22684946656227112,0.24712926,6.902319,7.7336426
61,1240,-0.5923373699188232,-0.7417317628860474,8.442315101623535,0.1641587,-0.1832631379365921,-0.21838350594043732,0.18120761,5.4869995,6.4358253
62,1260,-0.8260025978088379,-0.409281462430954,0.8416159152984619,0.25265804,-0.3150802552700043,-0.18516239523887634,0.2867459,8.571731,9.125678
63,1280,-0.619930624961853,-0.5521974563598633,12.716951370239258,0.19082396,-0.21679699420928955,-0.18236298859119415,0.21463561,6.996671,7.8449135
64,1300,-0.43923479318618774,-0.5484944581985474,7.61535120010376,0.13377865,-0.17559444904327393,-0.1878959834575653,0.1670665,4.4772944,5.2924323
65,1320,-0.37371671199798584,-0.43725281953811646,10.219433784484863,0.1016975,-0.14307720959186554,-0.15536931157112122,0.12959751,4.593803,5.542724
66,1340,-0.4514508843421936,-0.36688023805618286,12.35088062286377,0.16165167,-0.19120745360851288,-0.13744871318340302,0.23828928,4.4088364,5.266313
67,1360,-0.4276931583881378,-0.26314157247543335,11.579572677612305,0.12097649,-0.17774313688278198,-0.10436274111270905,0.17605701,3.6801953,4.5495644
68,1380,-0.3256552815437317,-0.25331565737724304,12.060752868652344,0.12899023,-0.16412414610385895,-0.08867992460727692,0.14189966,5.1532435,6.039387
69,1400,-0.3170163631439209,-0.2027469426393509,14.240561485290527,0.14001063,-0.12457410246133804,-0.07076830416917801,0.14333148,5.5817327,6.3998194
70,1420,-0.26330703496932983,-0.21362264454364777,12.958273887634277,0.09631581,-0.11660171300172806,-0.09096753597259521,0.11953544,3.4334044,4.1837316
71,1440,-0.24307334423065186,-0.2240384817123413,13.019684791564941,0.10848924,-0.11582109332084656,-0.07552918791770935,0.11293631,4.227485,5.1238127
72,1460,-0.3947236239910126,-0.12862612307071686,8.022663116455078,0.16523069,-0.15393194556236267,-0.06125188246369362,0.18352723,7.3295054,7.939253
73,1480,-0.19464826583862305,-0.1754981279373169,17.47153091430664,0.25239718,-0.11393383890390396,-0.07650182396173477,0.25976568,10.5779295,11.013359
74,1500,-0.1970970630645752,-0.18418632447719574,15.954668998718262,0.04185093,-0.08830104023218155,-0.06561294198036194,0.052394595,3.4099438,4.1469283
75,1520,-0.23909150063991547,-0.18390440940856934,12.281682014465332,0.05010008,-0.10688572376966476,-0.07079876959323883,0.06438843,3.1651633,3.8166592
76,1540,-0.1815660297870636,-0.20366603136062622,13.61623764038086,0.052155286,-0.08579627424478531,-0.0836247056722641,0.060043186,2.9704084,3.6104903
77,1560,-0.23467791080474854,-0.18820950388908386,13.758423805236816,0.14169878,-0.09975824505090714,-0.0674315094947815,0.1453947,5.7905407,6.3915057
78,1580,-0.292181134223938,-0.08574371039867401,11.393908500671387,0.10224577,-0.10846634954214096,-0.0416296124458313,0.111954436,5.3061438,5.903262
79,1600,-0.1801418662071228,-0.1814439445734024,16.253250122070312,0.062010527,-0.06324798613786697,-0.06934670358896255,0.07210721,3.909021,4.522538
80,1620,-0.2634758949279785,-0.04837029054760933,12.580610275268555,0.20881318,-0.12621892988681793,-0.026779139414429665,0.21072854,6.6436024,7.173868
81,1640,-0.18179726600646973,-0.1625996232032776,12.878765106201172,0.031531934,-0.08496016263961792,-0.06596584618091583,0.03856008,2.9685912,3.623156
82,1660,-0.15836405754089355,-0.16069668531417847,12.816144943237305,0.04094632,-0.06821723282337189,-0.06677018851041794,0.053999063,3.5752978,4.1320324
83,1680,-0.16349180042743683,-0.13309335708618164,11.55078125,0.061457146,-0.07899726927280426,-0.05205526575446129,0.06506297,3.475174,4.077837
84,1700,-0.20953643321990967,-0.10021081566810608,10.971628189086914,0.12807842,-0.09268606454133987,-0.04187551513314247,0.13391437,5.0588,5.565091
85,1720,-0.1948259323835373,-0.1293550580739975,11.727212905883789,0.046090614,-0.09475549310445786,-0.0576818510890007,0.05842568,3.3178968,3.9196806
86,1740,-0.25575822591781616,-0.0577123798429966,8.645355224609375,0.12135415,-0.1067768856883049,-0.034224700182676315,0.1435224,2.951127,3.4693067
87,1760,-0.14911621809005737,-0.12676599621772766,9.044191360473633,0.0829053,-0.07329609245061874,-0.05751810222864151,0.10486814,2.676796,3.227637
88,1780,-0.24205514788627625,-0.0972633808851242,8.77688217163086,0.045255687,-0.10209247469902039,-0.04763803631067276,0.058637463,3.4355521,3.9833796
89,1800,-0.20021143555641174,-0.10636772215366364,7.7086181640625,0.06631591,-0.10065579414367676,-0.04757558926939964,0.073826,3.4488604,3.9615333
90,1820,-0.23543044924736023,-0.12122540920972824,9.38886547088623,0.08850048,-0.09477891772985458,-0.04854707419872284,0.093596704,4.5443764,5.057124
91,1840,-0.20684586465358734,-0.06365318596363068,7.884087562561035,0.09891883,-0.09158717840909958,-0.034911468625068665,0.108547606,5.616482,6.051006
92,1860,-0.15203243494033813,-0.10232808440923691,7.397860527038574,0.039570305,-0.07714750617742538,-0.04479999095201492,0.046380736,2.3581734,2.8544004
93,1880,-0.21196746826171875,-0.010529812425374985,7.388206481933594,0.22634014,-0.08422939479351044,-0.01278710924088955,0.22881389,6.9468017,7.2770414
94,1900,-0.14715847373008728,-0.0901988297700882,7.757254600524902,0.12025361,-0.05762806162238121,-0.04312412813305855,0.13168216,2.5240138,3.0230122
95,1920,-0.16881105303764343,-0.080881267786026,4.505467891693115,0.056668453,-0.07791933417320251,-0.0351075753569603,0.06439354,2.3343518,2.8530111
96,1940,-0.17369848489761353,-0.10686001181602478,5.840077877044678,0.0520882,-0.08487170934677124,-0.044733189046382904,0.06036144,2.311839,2.8090153
97,1960,-0.13179057836532593,-0.09334953129291534,8.953972816467285,0.10026722,-0.06915123015642166,-0.037697888910770416,0.11644982,2.3134818,2.748822
98,1980,-0.20196473598480225,-0.10973896086215973,7.4752116203308105,0.024495138,-0.09361689537763596,-0.04241582006216049,0.034944825,2.6122444,3.102065
99,2000,-0.1874799281358719,-0.07662008702754974,4.92716121673584,0.12713277,-0.08770712465047836,-0.038958702236413956,0.12959678,3.5970712,4.149267
100,2020,-0.212930828332901,-0.08507700264453888,8.746163368225098,0.12119305,-0.09210219979286194,-0.040389273315668106,0.1259545,3.3840384,3.9282706
101,2040,-0.17742837965488434,-0.023394931107759476,4.004904747009277,0.10462693,-0.08780394494533539,-0.022823859006166458,0.12961112,2.9245548,3.304998
102,2060,-0.22002893686294556,-0.050388503819704056,4.12382173538208,0.1167255,-0.11097266525030136,-0.02899014577269554,0.15126644,2.353431,2.7661831
103,2080,-0.14885731041431427,-0.09155067801475525,6.4805908203125,0.032556128,-0.07040532678365707,-0.044824276119470596,0.040708955,2.191491,2.6680984
104,2100,-0.1845683753490448,-0.04668879881501198,4.646061897277832,0.108308986,-0.0794634148478508,-0.025840140879154205,0.116491884,2.4384406,2.9100895
105,2120,-0.12475073337554932,-0.08580242097377777,6.501067161560059,0.06635664,-0.06950104236602783,-0.04085219278931618,0.07688632,2.3736908,2.8362684
106,2140,-0.16076281666755676,-0.043481770902872086,5.212806701660156,0.101398796,-0.07872244715690613,-0.024675197899341583,0.11371268,2.3715496,2.85619
107,2160,-0.16132332384586334,-0.10120889544487,5.7357096672058105,0.10887969,-0.0768408551812172,-0.04680086672306061,0.12498178,2.4439452,2.942412
108,2180,-0.1948702484369278,-0.03081616759300232,3.2824010848999023,0.07209926,-0.09358648955821991,-0.023073280230164528,0.07689173,3.2062533,3.6732187
109,2200,-0.18782350420951843,-0.04718165844678879,4.014626502990723,0.101312004,-0.1027752012014389,-0.026570506393909454,0.12220371,2.239374,2.6707325
110,2220,-0.07813908159732819,-0.08270596712827682,5.547191619873047,0.15267047,-0.05555060878396034,-0.030910372734069824,0.17123897,2.57993,2.9923089
111,2240,-0.1549379974603653,-0.08078023046255112,5.460263729095459,0.019511448,-0.06661363691091537,-0.03518880903720856,0.026387062,2.4089615,2.855355
112,2260,-0.10768745094537735,-0.10057003796100616,3.492967367172241,0.027774606,-0.057226259261369705,-0.041072774678468704,0.035968505,2.4243999,2.8770325
113,2280,-0.1632356196641922,-0.06479588896036148,2.996450662612915,0.071169935,-0.07158873230218887,-0.032615937292575836,0.07558543,3.6160471,4.0263057
114,2300,-0.15267972648143768,-0.10858672112226486,5.660898208618164,0.024283763,-0.06769353896379471,-0.04305204376578331,0.0310312,2.6475708,3.0790017
115,2320,-0.14497466385364532,-0.05463841184973717,5.446809768676758,0.08515995,-0.07502114772796631,-0.024536116048693657,0.08934815,3.7118664,4.1055107
116,2340,-0.1355048418045044,-0.0649627074599266,4.545111179351807,0.11633424,-0.07314365357160568,-0.03305908292531967,0.13870397,2.5157526,2.9343107
117,2360,-0.13882675766944885,-0.06397886574268341,4.803771018981934,0.12540764,-0.06145455315709114,-0.03348842263221741,0.13347976,3.0357313,3.486233
118,2380,-0.08960390090942383,-0.07000367343425751,2.394319772720337,0.053880673,-0.0487293042242527,-0.03316079080104828,0.060838953,3.1443284,3.534293
119,2400,-0.12620851397514343,-0.06059282273054123,3.231919527053833,0.05839064,-0.06063803657889366,-0.03104204311966896,0.06737709,2.7310586,3.153703
120,2420,-0.1304859071969986,-0.06736359000205994,4.933080196380615,0.071027845,-0.06943833827972412,-0.03184746205806732,0.07572681,2.130364,2.5309541
121,2440,-0.12560945749282837,-0.05598181486129761,3.1016008853912354,0.053178787,-0.062357347458601,-0.025554856285452843,0.068477474,2.1948998,2.5877926
122,2460,-0.1173088327050209,-0.06694034487009048,3.247431516647339,0.044961277,-0.05729475989937782,-0.03383593261241913,0.053775143,2.102329,2.4932547
123,2480,-0.21543613076210022,-0.01726490631699562,3.370941400527954,0.07264278,-0.09086977690458298,-0.01771867647767067,0.092312045,2.293871,2.6827013
124,2500,-0.10277548432350159,-0.06558708101511002,2.399181365966797,0.054613516,-0.04440508037805557,-0.03047013096511364,0.06108896,3.1943045,3.5549188
125,2520,-0.18341651558876038,-0.012867102399468422,2.7485575675964355,0.116717406,-0.08029796928167343,-0.014073084108531475,0.119716875,4.079161,4.455254
126,2540,-0.15122057497501373,-0.0405397042632103,3.144321918487549,0.08973387,-0.06302740424871445,-0.02482982538640499,0.09344972,3.4058356,3.799704
127,2560,-0.10714028775691986,-0.050858356058597565,3.6859004497528076,0.033275273,-0.06095610558986664,-0.026686301454901695,0.042629577,2.4526954,2.8447843
128,2580,-0.12118465453386307,-0.06439609825611115,3.028799295425415,0.02713624,-0.0641358494758606,-0.029726563021540642,0.03673091,2.113526,2.5138552
129,2600,-0.102833092212677,-0.05685451254248619,4.6624932289123535,0.020808702,-0.05413440614938736,-0.029719019308686256,0.03153722,2.0037034,2.4319472
130,2620,-0.1172686219215393,-0.06683917343616486,5.079381942749023,0.031613614,-0.05876806005835533,-0.029006075114011765,0.03768005,2.2331715,2.6474137
131,2640,-0.12595002353191376,-0.04292985051870346,1.9512690305709839,0.043178603,-0.06312008202075958,-0.021442502737045288,0.047566332,2.464833,2.8873653
132,2660,-0.15646734833717346,-0.021842217072844505,4.86704683303833,0.078156255,-0.06326013803482056,-0.017433976754546165,0.08208596,2.3921652,2.8092937
133,2680,-0.16013318300247192,-0.042544782161712646,-0.3239876627922058,0.08673632,-0.05712517723441124,-0.02285004034638405,0.092981026,2.2010183,2.5722742
134,2700,-0.150259330868721,-0.026775546371936798,3.1902806758880615,0.019027112,-0.05473916605114937,-0.019031938165426254,0.024739746,2.3454163,2.7073245
135,2720,-0.10964125394821167,-0.05724506080150604,1.7671146392822266,0.10488097,-0.06820643693208694,-0.028602398931980133,0.110079184,2.5186486,2.8884194
136,2740,-0.16242197155952454,-0.024014826864004135,0.2939097285270691,0.09706652,-0.08856731653213501,-0.016908880323171616,0.10576243,5.499335,5.7723217
137,2760,-0.16036370396614075,-0.011377979069948196,3.227440118789673,0.13086396,-0.06538227945566177,-0.014413873665034771,0.13539809,4.305824,4.608473
138,2780,-0.11884477734565735,-0.025036336854100227,2.1650748252868652,0.0948955,-0.05783296003937721,-0.01410597376525402,0.09777369,3.0904408,3.470408
139,2800,-0.09534497559070587,-0.050081588327884674,1.1686140298843384,0.06918253,-0.04974696412682533,-0.023377222940325737,0.07480235,2.0631406,2.436135
140,2820,-0.11604844778776169,-0.036910898983478546,3.3435463905334473,0.069807,-0.059853315353393555,-0.022534232586622238,0.07352609,3.0912995,3.4744723
141,2840,-0.1023007407784462,-0.06824831664562225,2.304426670074463,0.028424868,-0.05560366436839104,-0.03032081387937069,0.034866527,2.352168,2.719014
142,2860,-0.12557955086231232,-0.0401521772146225,1.8271554708480835,0.10053574,-0.06826955825090408,-0.023248497396707535,0.109948575,2.523385,2.8682966
143,2880,-0.13137924671173096,-0.013068567961454391,2.191964864730835,0.047906313,-0.06601759791374207,-0.012984399683773518,0.060966425,2.1834807,2.5804222
144,2900,-0.1227828785777092,-0.03234579414129257,2.6238226890563965,0.045017198,-0.058080416172742844,-0.018124591559171677,0.0519165,2.9673204,3.3152268
145,2920,-0.1633618324995041,0.001971449702978134,0.41722816228866577,0.109946914,-0.07224848121404648,-0.010817764326930046,0.115400136,4.110389,4.411699
146,2940,-0.09745067358016968,-0.04802089184522629,1.389400601387024,0.02842197,-0.039014142006635666,-0.0273872222751379,0.039700873,2.1645734,2.503776
147,2960,-0.10193590074777603,-0.08562567830085754,-0.8020657300949097,0.051509038,-0.07359752058982849,-0.03541378304362297,0.061216284,2.59088,2.9540744
148,2980,-0.1295209527015686,-0.024276437237858772,1.4838149547576904,0.025815694,-0.06323384493589401,-0.01534123346209526,0.038999576,2.4071152,2.7386627
149,3000,-0.12947407364845276,-0.04103666543960571,-2.4088053703308105,0.035150144,-0.06405550986528397,-0.02229476347565651,0.03933152,2.0013375,2.3455312
150,3020,-0.0765589028596878,-0.03706582635641098,0.22684897482395172,0.05483313,-0.03698515519499779,-0.016514698043465614,0.059179213,2.653258,2.9955432
151,3040,-0.1318417191505432,0.003845721483230591,1.5490188598632812,0.07978616,-0.06484901905059814,-0.008410093374550343,0.085695125,2.122864,2.4726086
152,3060,-0.09216533601284027,-0.038076095283031464,1.2253332138061523,0.029549079,-0.04829036071896553,-0.0205069649964571,0.03544652,2.57578,2.9083931
153,3080,-0.11296101659536362,-0.001291843131184578,-0.8842403888702393,0.093482465,-0.05831463262438774,-0.007260158192366362,0.09658318,3.3288271,3.641847
154,3100,-0.08591677993535995,-0.03748993203043938,0.2789058983325958,0.050518557,-0.04920712485909462,-0.0202739667147398,0.052895866,2.3257055,2.6877103
155,3120,-0.12554658949375153,-0.03484285995364189,-0.7854222655296326,0.031041358,-0.058131929486989975,-0.019606541842222214,0.04366302,2.413144,2.7512956
156,3140,-0.1540919989347458,-0.008920887485146523,-2.195033073425293,0.051943142,-0.06962598115205765,-0.01212296076118946,0.06307282,2.2477152,2.5793447
157,3160,-0.07956252992153168,-0.028411151841282845,-0.9000022411346436,0.050730262,-0.035823337733745575,-0.016661426052451134,0.059203573,2.2141378,2.5392349
158,3180,-0.0859791710972786,-0.055024534463882446,-0.4345705211162567,0.02474672,-0.046867575496435165,-0.023432424291968346,0.031788316,1.709372,2.041986
159,3200,-0.1186976432800293,-0.029152750968933105,1.8018549680709839,0.0654155,-0.04699576646089554,-0.01635243557393551,0.06846022,2.574502,2.9208214
160,3220,-0.1472175270318985,0.02634311281144619,-0.019481634721159935,0.029184394,-0.05435480549931526,-1.4845046280242968e-05,0.04099041,3.0322285,3.3351486
161,3240,-0.14316850900650024,-0.0049422383308410645,-1.3603240251541138,0.06089208,-0.0693487673997879,-0.008366821333765984,0.06554742,3.1737013,3.515693
162,3260,-0.10485890507698059,-0.054748255759477615,-2.5664477348327637,0.028347114,-0.05018310993909836,-0.025783708319067955,0.03754366,2.0577238,2.4275196
163,3280,-0.08662466704845428,-0.031042031943798065,-0.12092523276805878,0.08267654,-0.03313511610031128,-0.01601279340684414,0.0860203,2.574163,2.9073105
164,3300,-0.11997979134321213,-0.025353537872433662,1.4776077270507812,0.040109623,-0.056183647364377975,-0.016199147328734398,0.047348175,2.7764325,3.128341
165,3320,-0.16860158741474152,-0.027009526267647743,-1.1500053405761719,0.0764727,-0.0699860081076622,-0.017158489674329758,0.080374144,2.8079746,3.1154025
166,3340,-0.10296490043401718,-0.03589717298746109,-0.7541986107826233,0.03777965,-0.04777700826525688,-0.02015097811818123,0.043262422,1.8626767,2.2251596
167,3360,-0.15924392640590668,-0.00677051767706871,-0.7679229378700256,0.035471678,-0.0723617672920227,-0.009883574210107327,0.04708115,2.2237732,2.5039587
168,3380,-0.10082630813121796,-0.027948789298534393,-0.6501516699790955,0.031821426,-0.045482441782951355,-0.01839565485715866,0.03951791,1.8903157,2.2061164
169,3400,-0.14619433879852295,-0.0198630653321743,-2.0194613933563232,0.02114284,-0.06674011796712875,-0.013144436292350292,0.028323509,1.8619617,2.20959
170,3420,-0.08174964785575867,-0.019458746537566185,-2.7508184909820557,0.08176085,-0.04481345787644386,-0.012747885659337044,0.084335275,2.6344626,2.9599273
171,3440,-0.09121648222208023,-0.012266593053936958,-0.8463121056556702,0.07339399,-0.048043012619018555,-0.011487085372209549,0.07638687,2.3346226,2.6411207
172,3460,-0.12201178073883057,-0.0316142812371254,-2.191561460494995,0.062385038,-0.06214475259184837,-0.018757227808237076,0.06546408,2.3356621,2.6585312
173,3480,-0.09863817691802979,-0.021696362644433975,-3.464303731918335,0.044846404,-0.05869681388139725,-0.015178404748439789,0.055700637,2.2432532,2.524655
174,3500,-0.09995842725038528,-0.0152943916618824,-1.850117802619934,0.0744319,-0.04782705008983612,-0.011040925979614258,0.07866443,3.459911,3.7122805
175,3520,-0.11124035716056824,-0.01989087648689747,-2.5735387802124023,0.050867844,-0.05501420795917511,-0.013350225053727627,0.057728402,2.6047,2.9128332
176,3540,-0.10810883343219757,-0.027426259592175484,-0.47066259384155273,0.016987532,-0.0473707914352417,-0.01323164813220501,0.028780147,1.7974858,2.132546
177,3560,-0.0955137312412262,-0.018304388970136642,-0.5399835705757141,0.047002453,-0.05315292254090309,-0.012202312238514423,0.053133637,1.9867569,2.2771342
178,3580,-0.10253718495368958,0.006630446761846542,-2.4551947116851807,0.089865655,-0.049742989242076874,-0.003417935688048601,0.094393715,2.2465272,2.5590365
179,3600,-0.10504326224327087,-0.01807943359017372,-3.0235729217529297,0.042062003,-0.050426531583070755,-0.011158816516399384,0.046479207,1.9668998,2.2586257
180,3620,-0.12186673283576965,-0.005156977102160454,-2.4882991313934326,0.049953762,-0.057733453810214996,-0.00928342342376709,0.057961926,2.6839647,2.9833786
181,3640,-0.10638801008462906,-0.011920733377337456,-0.8971247673034668,0.05850455,-0.054772354662418365,-0.010833973996341228,0.06397619,2.700725,2.9888341
182,3660,-0.12028521299362183,-0.03191761299967766,-1.0130351781845093,0.044515893,-0.05019714683294296,-0.016279883682727814,0.05757573,2.0422318,2.3739083
183,3680,-0.12700365483760834,0.0009810011833906174,-3.4090139865875244,0.08072179,-0.05890635401010513,-0.005999577231705189,0.08655818,1.980896,2.2658093
184,3700,-0.11603692173957825,0.0400928370654583,-2.9631190299987793,0.09643389,-0.06902118027210236,0.0017299222527071834,0.10027166,4.0527315,4.3070607
185,3720,-0.08422434329986572,-0.028053682297468185,-2.3792412281036377,0.031427052,-0.04616710916161537,-0.013924295082688332,0.0373568,1.9954295,2.2654288
186,3740,-0.08457285165786743,-0.025917518883943558,-1.693371295928955,0.024480423,-0.04878855124115944,-0.013880275189876556,0.031058868,1.8067888,2.1104434
187,3760,-0.09656385332345963,-0.011489644646644592,-2.2325170040130615,0.015040414,-0.05893108993768692,-0.009458539076149464,0.023284463,1.6618509,1.9689604
188,3780,-0.07015907764434814,-0.03261533007025719,-3.032916307449341,0.014117837,-0.04030418395996094,-0.015757307410240173,0.021501543,1.8203773,2.1789024
189,3800,-0.08819517493247986,-0.03281589597463608,-1.561684489250183,0.03609106,-0.04483954235911369,-0.016296520829200745,0.042272355,1.7462918,2.0240781
190,3820,-0.10526584088802338,0.007318537682294846,-2.6734893321990967,0.066744715,-0.05164424329996109,-0.004465009551495314,0.07101248,3.0668273,3.3119552
191,3840,-0.11494216322898865,-0.015549571253359318,-3.1632649898529053,0.07952128,-0.054332152009010315,-0.011491434648633003,0.08343506,2.666953,2.9688318
192,3860,-0.07038239389657974,-0.025073086842894554,-2.0147597789764404,0.044785712,-0.04218871891498566,-0.014147602021694183,0.048105832,2.1253312,2.4511914
193,3880,-0.11750620603561401,-0.005118745379149914,-2.477121591567993,0.091326155,-0.04734763503074646,-0.00789220817387104,0.09374243,2.7702966,3.0400608
194,3900,-0.06417553126811981,-0.022044295445084572,-3.3856444358825684,0.024629839,-0.038845401257276535,-0.013016793876886368,0.033310696,1.7431521,2.0754075
195,3920,-0.07853540033102036,-0.020968101918697357,-5.320873260498047,0.03870898,-0.04597950726747513,-0.011530084535479546,0.042672485,1.9411162,2.217952
196,3940,-0.13283932209014893,-0.004205401986837387,-2.2097699642181396,0.056621052,-0.07131937146186829,-0.009496934711933136,0.068738855,1.9014663,2.1822863
197,3960,-0.1526232659816742,0.024765605106949806,-2.091130256652832,0.051510703,-0.05946192890405655,-8.567403710912913e-05,0.05810783,3.1417065,3.3754244
198,3980,-0.086905337870121,-0.014610365964472294,-3.3741655349731445,0.07874761,-0.04591890424489975,-0.01145769003778696,0.08131786,2.9203196,3.1618228
199,4000,-0.10722355544567108,-0.016095833852887154,-2.196441411972046,0.04973395,-0.05526250973343849,-0.01158269215375185,0.05850552,1.59692,1.8928238
200,4020,-0.12972800433635712,0.006350543349981308,-1.7955825328826904,0.08347295,-0.05134299769997597,-0.004224459640681744,0.091167435,2.8600063,3.121615
201,4040,-0.08277837932109833,-0.01780647039413452,-1.6285985708236694,0.031475864,-0.040264155715703964,-0.01133215893059969,0.038466983,2.2687342,2.5736487
202,4060,-0.07453641295433044,-0.02541855163872242,-1.9896187782287598,0.016195526,-0.04048379883170128,-0.014884511940181255,0.024164546,1.807251,2.1053731
203,4080,-0.1019877940416336,-0.0026451144367456436,-4.397186756134033,0.07821561,-0.06215151399374008,-0.005480700172483921,0.08213033,1.8537705,2.1172915
204,4100,-0.0832049623131752,-0.011467563919723034,-5.181246757507324,0.04579885,-0.046057768166065216,-0.009993037208914757,0.049502417,1.8140016,2.1244678
205,4120,-0.10507610440254211,-0.004692199639976025,-4.8412065505981445,0.0559268,-0.05334712564945221,-0.006740914657711983,0.060419083,2.1193833,2.4135787
206,4140,-0.10956993699073792,0.002908024936914444,-5.450765132904053,0.063387476,-0.051060114055871964,-0.005200082436203957,0.06661732,2.2801833,2.570987
207,4160,-0.0958607941865921,-0.03547091409564018,-3.0668420791625977,0.016727628,-0.043111223727464676,-0.01637161336839199,0.022133203,1.7858315,2.0680664
208,4180,-0.07558851689100266,-0.01574062369763851,-3.2918410301208496,0.0589628,-0.03403009474277496,-0.01032719574868679,0.062092476,1.9005371,2.1617408
209,4200,-0.0785411074757576,-0.013892821036279202,-1.8451179265975952,0.060174327,-0.045772988349199295,-0.0077760787680745125,0.06744484,1.6421103,1.9202744
210,4220,-0.1448846161365509,-0.01020892709493637,-6.005770206451416,0.029948765,-0.07718639075756073,-0.009720762260258198,0.042420924,1.7540437,2.0261369
211,4240,-0.13394634425640106,0.022559879347682,-3.7899065017700195,0.11124877,-0.06060599163174629,0.0010377727448940277,0.11416826,2.913043,3.139251
212,4260,-0.07530323415994644,-0.03511449694633484,-3.1494836807250977,0.042286057,-0.044105179607868195,-0.01743554323911667,0.05725458,1.753947,2.0047004
213,4280,-0.12164632230997086,-0.01795962080359459,-1.7071235179901123,0.011012896,-0.06410188972949982,-0.012262929230928421,0.018438207,1.7214522,2.020277
214,4300,-0.0598921924829483,-0.02260085754096508,-3.2794268131256104,0.025012406,-0.030713723972439766,-0.014893893152475357,0.03165343,1.5875577,1.858473
215,4320,-0.08146224915981293,0.0003265310078859329,-4.312568664550781,0.08268017,-0.03905680775642395,-0.005424397997558117,0.08629752,2.1305506,2.376983
216,4340,-0.10776468366384506,-0.004548514261841774,-2.473299503326416,0.04142331,-0.051740214228630066,-0.008232343010604382,0.05203118,1.9958073,2.273343
217,4360,-0.10974042117595673,0.01077364757657051,-4.750749588012695,0.084723614,-0.0585453025996685,-0.0023889094591140747,0.088802606,3.2515683,3.4616249
218,4380,-0.08964544534683228,-0.012612501159310341,-3.450950860977173,0.06980191,-0.04590192809700966,-0.010980059392750263,0.07447086,1.964396,2.2119029
219,4400,-0.11550740897655487,-0.0037493379786610603,-3.502692461013794,0.058731537,-0.059548668563365936,-0.006069487892091274,0.06381138,1.8296058,2.1313605
220,4420,-0.11352179944515228,0.012100737541913986,-4.724579811096191,0.08428329,-0.06735701858997345,-0.0015404291916638613,0.08955258,2.2219296,2.4641607
221,4440,-0.1252346783876419,-0.027667777612805367,-1.921094298362732,0.13612145,-0.10335326939821243,-0.01585971750319004,0.13787451,4.9691987,5.1291366
222,4460,-0.0964512974023819,-0.019983427599072456,-3.2363109588623047,0.02059464,-0.05606444180011749,-0.014589360915124416,0.027249683,1.8347989,2.1070867
223,4480,-0.08911202847957611,-0.010324819013476372,-3.938323974609375,0.06821966,-0.04733440279960632,-0.007632562890648842,0.07432426,1.8201429,2.077051
224,4500,-0.11797228455543518,-0.006013959646224976,-2.6203863620758057,0.0776984,-0.053438372910022736,-0.007551334332674742,0.08145961,1.6683891,1.9203893
225,4520,-0.06875235587358475,-0.0021516624838113785,-3.773081064224243,0.06739393,-0.03702572360634804,-0.006619519554078579,0.073818035,1.9158854,2.1538415
226,4540,-0.07123330235481262,-0.028123967349529266,-2.059528112411499,0.015080597,-0.03992126137018204,-0.014100960455834866,0.026124379,1.9391403,2.1794465
227,4560,-0.11607349663972855,0.01849379949271679,-4.944047927856445,0.0797187,-0.05597643926739693,0.0007602185360156,0.08156709,2.8565824,3.089898
228,4580,-0.08425207436084747,0.0010698791593313217,-3.1970455646514893,0.015089422,-0.04943114146590233,-0.005465986207127571,0.023251275,1.6560869,1.9417454
229,4600,-0.09590933471918106,-0.02854299731552601,-3.2787632942199707,0.021192024,-0.034184060990810394,-0.013839810155332088,0.03211854,1.6272268,1.9189731
230,4620,-0.09180304408073425,0.002531793899834156,-6.004881381988525,0.08859342,-0.051130011677742004,-0.003488404443487525,0.10454488,1.7353222,1.9768986
231,4640,-0.0934009850025177,-0.006642878986895084,-4.63160514831543,0.057569835,-0.04036227613687515,-0.008065875619649887,0.06273497,2.2781951,2.532546
232,4660,-0.09466740489006042,-0.017521332949399948,-3.403629779815674,0.015348405,-0.053238000720739365,-0.011576175689697266,0.024423452,1.8697125,2.08835
233,4680,-0.0970592275261879,-0.02067822962999344,-2.9828741550445557,0.06295132,-0.04209607094526291,-0.011222310364246368,0.06808715,1.7901312,2.0724697
234,4700,-0.09165345132350922,-0.021291565150022507,-5.91070556640625,0.035944555,-0.046577952802181244,-0.012833597138524055,0.040940374,2.0744205,2.3437955
235,4720,-0.08262701332569122,-0.011004218831658363,-4.794146537780762,0.018328128,-0.042755868285894394,-0.008226257748901844,0.025875475,1.7166438,1.968134
236,4740,-0.09890618175268173,-0.00802030973136425,-3.9117321968078613,0.023602432,-0.03689400106668472,-0.008418628945946693,0.028774861,1.7901335,2.0409741
237,4760,-0.12317518889904022,0.03537904471158981,-4.875605583190918,0.09394369,-0.06633255630731583,0.0030369660817086697,0.09734509,2.301879,2.5300295
238,4780,-0.07841230928897858,-0.014786475338041782,-3.384917736053467,0.028279005,-0.04787765443325043,-0.009880436584353447,0.03465199,1.4927759,1.7543349
239,4800,-0.06756726652383804,-0.012934585101902485,-4.182804584503174,0.045994908,-0.03612395375967026,-0.0076272934675216675,0.054178223,1.655272,1.898202
240,4820,-0.1324828714132309,0.012982862070202827,-4.1367292404174805,0.01865082,-0.06256137788295746,-0.00116538570728153,0.029317569,1.5756056,1.8651112
241,4840,-0.09994329512119293,-0.014195644296705723,-3.4546966552734375,0.012699381,-0.05163200572133064,-0.008973628282546997,0.017202018,1.8153937,2.0669613
242,4860,-0.1394241452217102,0.0435817614197731,-5.773128032684326,0.08901512,-0.06655026972293854,0.010320344008505344,0.092217304,2.5194738,2.7360182
243,4880,-0.06701056659221649,-0.010640956461429596,-3.8817684650421143,0.023500867,-0.02978949435055256,-0.008438273333013058,0.03225887,2.0484414,2.3034778
244,4900,-0.0784299448132515,0.00038200709968805313,-5.154427528381348,0.046870288,-0.04299037531018257,-0.0040353694930672646,0.051729415,1.8001584,2.0776548
245,4920,-0.1578233540058136,0.02038428746163845,-5.2838592529296875,0.06149061,-0.07004722207784653,0.0009858390549197793,0.06600172,2.4323876,2.672758
246,4940,-0.12272085249423981,-0.003305785357952118,-4.126315116882324,0.019099522,-0.056100502610206604,-0.008327430114150047,0.027395094,1.7273996,1.9923005
247,4960,-0.09077593684196472,-0.01296191569417715,-5.69456148147583,0.038094535,-0.043848805129528046,-0.008651415817439556,0.04462637,2.054695,2.289167
248,4980,-0.07709775865077972,-0.0023062285035848618,-3.7468175888061523,0.047775306,-0.042665667831897736,-0.0059552621096372604,0.051862177,2.2558646,2.4841642
249,5000,-0.07270391285419464,-0.019430166110396385,-4.298893928527832,0.025603103,-0.04658397287130356,-0.012301378883421421,0.031649325,1.8933702,2.1448383
250,5020,-0.06539150327444077,-0.006681673228740692,-3.41524338722229,0.054408163,-0.029758445918560028,-0.0069078486412763596,0.059173714,2.222146,2.462574
251,5040,-0.08440986275672913,0.0016203057020902634,-4.823975563049316,0.030250413,-0.04878488928079605,-0.004240322858095169,0.0352843,2.2392204,2.4618876
252,5060,-0.057471562176942825,-0.0003048377111554146,-3.878772497177124,0.05336646,-0.029751380905508995,-0.00403380673378706,0.058708586,2.674713,2.8924072
253,5080,-0.09372246265411377,-0.0056917015463113785,-5.956500053405762,0.03402448,-0.04677465185523033,-0.007590158376842737,0.043786462,1.569301,1.8141234
254,5100,-0.09472750127315521,-0.00585818849503994,-4.365778923034668,0.037939996,-0.0441303476691246,-0.007056161295622587,0.050869785,1.7998008,2.028311
255,5120,-0.07383841276168823,-0.004874221980571747,-5.2452850341796875,0.035001114,-0.0396689772605896,-0.005697158165276051,0.045799367,1.4929571,1.7136159
256,5140,-0.10496456921100616,-0.015711504966020584,-4.038277626037598,0.031967476,-0.055875979363918304,-0.01168836373835802,0.036386006,1.9518094,2.1841466
257,5160,-0.07156512886285782,-0.00045079272240400314,-5.383619785308838,0.06999534,-0.0408906564116478,-0.0040011899545788765,0.07565997,3.0542426,3.2402468
258,5180,-0.11043231189250946,-0.0141775943338871,-3.3138914108276367,0.05700348,-0.05599714815616608,-0.010595629923045635,0.06171741,2.174058,2.4005044
259,5200,-0.12583337724208832,0.015569213777780533,-4.873957633972168,0.017557207,-0.05981503427028656,-0.0009420258575119078,0.027911052,1.5797374,1.8224275
260,5220,-0.06878650188446045,-0.020587753504514694,-4.949097633361816,0.037884288,-0.03717375174164772,-0.010935266502201557,0.04997477,1.6876482,1.9103622
261,5240,-0.11570865660905838,0.012071529403328896,-5.003537178039551,0.062457222,-0.062157776206731796,-0.0027115875855088234,0.070898496,1.6961857,1.9422898
262,5260,-0.10587215423583984,0.008786452002823353,-4.227209568023682,0.088173494,-0.050485651940107346,-0.0024062683805823326,0.090008505,3.049804,3.2491577
263,5280,-0.09851855784654617,-0.019479524344205856,-2.7399349212646484,0.024829216,-0.0473845936357975,-0.01267809234559536,0.03298137,1.7634457,1.9747381
264,5300,-0.08898814022541046,0.007403023540973663,-5.8185858726501465,0.050080374,-0.04601234197616577,-0.0017267995281144977,0.05941177,1.5378567,1.7654349
265,5320,-0.1022493913769722,0.0029788389801979065,-5.659514427185059,0.071266994,-0.0483083575963974,-0.004398426041007042,0.07427719,1.7245574,1.9534454
266,5340,-0.1130317747592926,-0.001277448609471321,-4.315426349639893,0.05110282,-0.06049880385398865,-0.007202559150755405,0.061384354,3.2685652,3.4579246
267,5360,-0.07833762466907501,0.007973343133926392,-3.4031996726989746,0.03739987,-0.04180018976330757,-0.0033976722043007612,0.04304444,1.6658618,1.8896931
268,5380,-0.07362785935401917,-0.010772661305963993,-2.955364227294922,0.020682385,-0.03988734632730484,-0.008598080836236477,0.02746496,1.5543916,1.8049302
269,5400,-0.09271480143070221,-0.001726013608276844,-3.4993908405303955,0.03889844,-0.05120372772216797,-0.004877686500549316,0.045393173,2.2954447,2.5117178
270,5420,-0.13662587106227875,0.01570277288556099,-4.804052829742432,0.07551579,-0.05551496893167496,-0.0003836263495031744,0.08278557,2.086091,2.3031588
271,5440,-0.142483651638031,0.02760394476354122,-4.4633965492248535,0.03249666,-0.06440931558609009,0.0008350463467650115,0.039002348,1.9025453,2.1289287
272,5460,-0.07782875746488571,0.0019170287996530533,-2.7986462116241455,0.03033669,-0.037928272038698196,-0.00339759630151093,0.040079586,1.6588359,1.8869691
273,5480,-0.12650226056575775,0.005378825590014458,-4.291896820068359,0.02614239,-0.06154477223753929,-0.004846503958106041,0.036004536,1.5752134,1.8283693
274,5500,-0.0983966588973999,-0.0013116830959916115,-5.2523016929626465,0.04597816,-0.05552351102232933,-0.0043325223959982395,0.05125972,1.4816769,1.7212749
275,5520,-0.1268911361694336,0.00907223206013441,-4.637622356414795,0.029367179,-0.05247953534126282,-0.002351412083953619,0.035400018,1.8835883,2.1205587
276,5540,-0.09629566967487335,0.01540499646216631,-5.154447555541992,0.07422989,-0.050342459231615067,3.0411360057769343e-05,0.07706072,1.7459389,1.9573784
277,5560,-0.0733642503619194,-0.0024615470319986343,-5.133693218231201,0.053442396,-0.042408183217048645,-0.0050147222355008125,0.05848609,1.6512679,1.8817257
278,5580,-0.07774463295936584,0.00047457125037908554,-4.297070026397705,0.042781964,-0.041817501187324524,-0.004107140004634857,0.047184695,1.8577533,2.1046891
279,5600,-0.10484869033098221,0.0011909352615475655,-5.059511184692383,0.0804832,-0.046208493411540985,-0.003941867500543594,0.08431479,2.4772341,2.6953473
280,5620,-0.06259716302156448,-0.0009766677394509315,-4.86527156829834,0.036648985,-0.028812408447265625,-0.004252631217241287,0.043113507,1.6163864,1.8265134
281,5640,-0.130126491189003,0.028264133259654045,-6.188398361206055,0.08217079,-0.06004372239112854,0.0039553395472466946,0.091064215,2.3479683,2.5458286
282,5660,-0.08291389048099518,0.0058147599920630455,-4.529881477355957,0.05917216,-0.043451592326164246,-0.002170816995203495,0.063366,2.3259606,2.5344372
283,5680,-0.07302793115377426,-0.01240865234285593,-5.10829496383667,0.03943681,-0.03873336687684059,-0.009227083064615726,0.044353046,1.8201742,2.0496678
284,5700,-0.13994139432907104,-0.016103247180581093,-4.841030597686768,0.04008983,-0.05570056289434433,-0.011061458848416805,0.04825028,1.5309758,1.7717295
285,5720,-0.10556648671627045,0.005072588101029396,-4.714414596557617,0.046602104,-0.053202711045742035,-0.002807965036481619,0.051176112,1.9286914,2.1495821
286,5740,-0.06392601132392883,-0.0005219876766204834,-4.007410049438477,0.024906686,-0.036961495876312256,-0.00506506348028779,0.03330643,1.6429962,1.886295
287,5760,-0.08166396617889404,0.0007861880585551262,-3.1531615257263184,0.013802676,-0.034494176506996155,-0.004647332709282637,0.019933464,1.2931435,1.5228921
288,5780,-0.09571345150470734,0.0061790961772203445,-4.358331680297852,0.04092472,-0.047606851905584335,-0.003271298948675394,0.052567482,1.6939906,1.8970238
289,5800,-0.10479985177516937,0.030971813946962357,-4.448616027832031,0.055873882,-0.05117882788181305,0.003303972538560629,0.06463109,1.9559238,2.176452
290,5820,-0.0801297277212143,0.0072106858715415,-5.7301836013793945,0.050917357,-0.04394581913948059,-0.0012012417428195477,0.056813005,2.2895558,2.500118
291,5840,-0.07469776272773743,-0.00806336384266615,-3.699558734893799,0.0145736765,-0.04081809148192406,-0.00709401024505496,0.023955507,1.646523,1.8742679
292,5860,-0.09044671058654785,0.003734421916306019,-3.8987340927124023,0.039628882,-0.05180547013878822,-0.003890781197696924,0.043298606,2.2942986,2.515333
293,5880,-0.13416141271591187,0.03744644671678543,-5.0738983154296875,0.10441922,-0.07366522401571274,0.0074702980928123,0.10672638,3.5711565,3.7314913
294,5900,-0.07683952152729034,-0.005082250572741032,-4.649821758270264,0.02490457,-0.04289614036679268,-0.006742475554347038,0.03645145,1.4524785,1.6952664
295,5920,-0.102662093937397,-0.010587763972580433,-4.62348747253418,0.0484126,-0.04676973447203636,-0.008474363014101982,0.05794449,2.786926,2.9683557
296,5940,-0.0831102654337883,-0.00956309586763382,-3.9432525634765625,0.012043929,-0.04402116313576698,-0.007822326384484768,0.019844348,1.5799286,1.8013257
297,5960,-0.08208024501800537,0.006633714772760868,-5.329673767089844,0.057788175,-0.03526972606778145,-0.0013864393113180995,0.06274121,2.4345765,2.6417224
298,5980,-0.10103511810302734,-0.0025080423802137375,-5.171175956726074,0.053232227,-0.051470112055540085,-0.006250579375773668,0.057685927,1.7352247,1.9463087
299,6000,-0.10013420879840851,0.014331813901662827,-5.364424705505371,0.020556537,-0.043504439294338226,-0.0007554462063126266,0.02531215,1.6979991,1.913468
300,6020,-0.13366290926933289,0.018046800047159195,-5.222408294677734,0.05404437,-0.05950396880507469,0.001631216611713171,0.057426073,2.037469,2.2608764
301,6040,-0.07763737440109253,-0.008493436500430107,-4.906630516052246,0.021033714,-0.03860408812761307,-0.007578609976917505,0.029055187,1.4073286,1.6515661
302,6060,-0.09341517835855484,0.004346652887761593,-4.621999263763428,0.042318664,-0.04236338660120964,-0.0035281707532703876,0.04614784,1.6548941,1.8547995
303,6080,-0.08277571201324463,0.015298907645046711,-6.063610076904297,0.047734164,-0.04327762499451637,0.0010508083505555987,0.05600396,1.8552366,2.0467095
304,6100,-0.08030997961759567,0.01365392841398716,-4.674950122833252,0.0496885,-0.040078334510326385,-0.001244284212589264,0.05427067,1.6602134,1.8514692
305,6120,-0.05469001829624176,-0.0011059306561946869,-5.636900424957275,0.0149809355,-0.03366373851895332,-0.004300368949770927,0.022340912,1.3309753,1.5726228
306,6140,-0.08328855037689209,0.016477487981319427,-5.80318546295166,0.062353864,-0.047352809458971024,0.001457074424251914,0.06908551,1.8671185,2.043991
307,6160,-0.08828939497470856,0.011121627874672413,-4.051133155822754,0.06462686,-0.047358449548482895,-0.0011264740023761988,0.0674333,1.9492974,2.16383
308,6180,-0.07417400181293488,-0.001508447341620922,-4.1106977462768555,0.048061,-0.042358770966529846,-0.005472826771438122,0.052869126,1.8033593,2.0182106
309,6200,-0.06326610594987869,-0.009422671981155872,-4.421384334564209,0.021970045,-0.031961943954229355,-0.007182940375059843,0.02804472,1.3465763,1.5669633
310,6220,-0.07106902450323105,-0.0008754068985581398,-4.003830432891846,0.035436388,-0.03883828967809677,-0.004430714529007673,0.04016435,1.7142464,1.9350227
311,6240,-0.10940898954868317,0.028031278401613235,-3.6162986755371094,0.063187025,-0.05506786331534386,0.0032370085828006268,0.06712095,2.219602,2.4303846
312,6260,-0.07402903586626053,0.0015422692522406578,-4.789862155914307,0.051627498,-0.04181713983416557,-0.0030785195995122194,0.058962297,1.8693018,2.0847633
313,6280,-0.0805477723479271,0.014532424509525299,-6.315938472747803,0.054162715,-0.04704258590936661,0.0006003581802360713,0.059911452,2.1791837,2.403196
314,6300,-0.07899215072393417,-7.506459951400757e-05,-3.3285632133483887,0.018980125,-0.0428408719599247,-0.004278955049812794,0.02522278,1.5285101,1.7533183
315,6320,-0.08079544454813004,0.010550936684012413,-4.958029747009277,0.04599876,-0.04130265489220619,-0.0003137222374789417,0.053467106,1.4481132,1.6598527
316,6340,-0.07262532413005829,-0.000688399188220501,-3.8273701667785645,0.021698266,-0.045649219304323196,-0.0041938843205571175,0.027297141,1.6397551,1.8638994
317,6360,-0.08807510882616043,0.011534462682902813,-3.9989848136901855,0.05934625,-0.043711014091968536,-0.0005864361301064491,0.0649472,1.8166591,2.0502603
318,6380,-0.07201724499464035,0.0017123343423008919,-3.1607024669647217,0.04665106,-0.03658678010106087,-0.004574471153318882,0.05038763,1.7914158,2.0388143
319,6400,-0.05787333846092224,-0.00785213802009821,-3.418975830078125,0.012296081,-0.03264736756682396,-0.00794722605496645,0.018228862,1.5957971,1.8265932
320,6420,-0.08358154445886612,-0.0015642782673239708,-3.7694926261901855,0.023160327,-0.04322585463523865,-0.0044037760235369205,0.030447243,1.443149,1.6446196
321,6440,-0.09294170141220093,0.0019296947866678238,-4.245898246765137,0.018881457,-0.040304142981767654,-0.0038654408417642117,0.026315963,1.8123872,2.0302532
322,6460,-0.09042476117610931,0.024753622710704803,-5.372681140899658,0.0747655,-0.04148225113749504,0.0035991664044559,0.07917176,2.328074,2.5385795
323,6480,-0.0831901952624321,0.0007000146433711052,-3.543609857559204,0.025013518,-0.03581913188099861,-0.00410804245620966,0.03592408,1.5909358,1.8070749
324,6500,-0.08474952727556229,0.009200189262628555,-6.309053897857666,0.06363325,-0.05035265535116196,-8.096003148239106e-05,0.07002274,1.5755366,1.7871317
325,6520,-0.07125700265169144,-0.008990563452243805,-3.739474296569824,0.041078538,-0.038732897490262985,-0.007014880422502756,0.045704108,1.9420726,2.1567147
326,6540,-0.08520457148551941,0.021264662966132164,-4.256529808044434,0.024624668,-0.04088139906525612,0.0007539005018770695,0.030588536,1.6752515,1.870138
327,6560,-0.08431965112686157,0.0047560567036271095,-4.414446830749512,0.039557006,-0.04259147495031357,-0.0023925784043967724,0.045328427,1.8535172,2.0722804
328,6580,-0.09715958684682846,0.019858885556459427,-4.388388633728027,0.03379294,-0.05153639242053032,0.002503972267732024,0.039210934,1.4407157,1.653012
329,6600,-0.05969426780939102,-0.017560485750436783,-3.802896022796631,0.03803798,-0.03219936788082123,-0.010926374234259129,0.044488814,1.469479,1.6606137
330,6620,-0.0802312046289444,0.008883554488420486,-3.804380178451538,0.014520095,-0.04053269326686859,-0.0012341859983280301,0.026400983,1.4712349,1.6957058
331,6640,-0.08777178078889847,0.015404690988361835,-5.517053127288818,0.062534906,-0.04467262327671051,0.0008703994681127369,0.066747226,2.2094734,2.3929403
332,6660,-0.07577162981033325,0.015197132714092731,-5.399470806121826,0.06340157,-0.035970889031887054,0.0005376735352911055,0.094674125,1.5202714,1.7553308
333,6680,-0.09841759502887726,0.03943171352148056,-4.8711724281311035,0.054467745,-0.05054822936654091,0.0055208527483046055,0.05664906,1.8162677,2.0053794
334,6700,-0.07575275003910065,-0.0044887373223900795,-5.173412322998047,0.018318621,-0.03536929190158844,-0.005852287635207176,0.02753493,1.5176059,1.7381277
335,6720,-0.07672803103923798,-0.01123850792646408,-5.0776190757751465,0.016912164,-0.04574107751250267,-0.008688902482390404,0.028343413,1.5229267,1.7529651
336,6740,-0.08301515877246857,-0.004379065707325935,-6.430498123168945,0.03282523,-0.046703506261110306,-0.005080593284219503,0.03788652,1.5153869,1.728454
337,6760,-0.1010817363858223,0.03523129224777222,-6.286959171295166,0.08132701,-0.06303894519805908,0.006758465431630611,0.098461665,1.8053659,1.9807923
338,6780,-0.11440366506576538,0.03231555223464966,-5.0376152992248535,0.053306386,-0.059072889387607574,0.005288246087729931,0.07128321,1.6083412,1.7917973
339,6800,-0.08382431417703629,0.004859660752117634,-6.414378643035889,0.03087616,-0.044940825551748276,-0.0022008090745657682,0.03836088,1.6244347,1.8253906
340,6820,-0.07716947793960571,0.026022782549262047,-4.9161248207092285,0.06405614,-0.039058882743120193,0.002955926349386573,0.06624978,2.4933727,2.6757035
341,6840,-0.06733806431293488,0.005416729487478733,-4.725799560546875,0.01572053,-0.02919253148138523,-0.0020076504442840815,0.021776602,1.4179715,1.6206236
342,6860,-0.09624158591032028,0.011906522326171398,-6.1986565589904785,0.036171462,-0.0499565452337265,-8.798662747722119e-05,0.042172115,1.3429204,1.5554059
343,6880,-0.05669320374727249,-0.0007333206012845039,-4.200693130493164,0.025116192,-0.0249018594622612,-0.00441323546692729,0.03376857,2.278716,2.4692798
344,6900,-0.11903458833694458,0.03534224256873131,-5.643441677093506,0.09098703,-0.04093414917588234,0.004262087866663933,0.09464781,3.0302289,3.2152722
345,6920,-0.10031845420598984,-0.0010334961116313934,-3.899325370788574,0.026678463,-0.05433773249387741,-0.005420822184532881,0.037596714,1.5744368,1.7721283
346,6940,-0.13111960887908936,0.04447225481271744,-4.38973331451416,0.031947993,-0.04876529797911644,0.009620540775358677,0.041393686,1.4607238,1.6686676
347,6960,-0.10096946358680725,0.039352044463157654,-5.875321388244629,0.0816809,-0.04605056717991829,0.007649618666619062,0.08969922,2.034982,2.1962054
348,6980,-0.08414249867200851,-0.00040307361632585526,-3.9309966564178467,0.01794301,-0.040350914001464844,-0.005801400635391474,0.03002746,1.4545277,1.6599491
349,7000,-0.06454196572303772,-0.005152521654963493,-6.621804714202881,0.021782827,-0.02560492604970932,-0.006287566386163235,0.03450449,1.3457249,1.5530329
350,7020,-0.0637921541929245,-0.0023162541911005974,-6.2265543937683105,0.038177703,-0.035332851111888885,-0.0052435798570513725,0.04504815,2.0462706,2.2322571
351,7040,-0.08652123063802719,0.015589699149131775,-6.398232460021973,0.062228687,-0.04909807816147804,0.0008160242578014731,0.06622667,1.8280023,1.9910485
352,7060,-0.06345003843307495,-0.003429003991186619,-6.575736045837402,0.019420758,-0.03540375828742981,-0.0057101002894341946,0.027406415,1.382001,1.5734488
353,7080,-0.07508806139230728,0.016426656395196915,-5.7464189529418945,0.072522566,-0.0410219244658947,0.002078244462609291,0.07784474,3.8609715,3.9884381
354,7100,-0.07858188450336456,0.00899519119411707,-6.316499710083008,0.057198655,-0.043624963611364365,0.0002098663680953905,0.070737705,1.4167078,1.6010768
355,7120,-0.07486152648925781,-0.006111049093306065,-4.689041614532471,0.014169432,-0.03123830072581768,-0.006749322637915611,0.022982351,1.3206154,1.5216959
356,7140,-0.07618681341409683,0.007066315971314907,-5.645650386810303,0.02847479,-0.037393782287836075,-0.0022115034516900778,0.03458357,1.5518614,1.760758
357,7160,-0.06856106966733932,0.00160997174680233,-7.06685733795166,0.039310172,-0.03524261340498924,-0.0027185736689716578,0.046257116,1.4413012,1.6165378
358,7180,-0.08799323439598083,0.001200142316520214,-5.660717487335205,0.023391288,-0.04040275514125824,-0.00361525546759367,0.030793741,1.7912929,2.004555
359,7200,-0.06787379831075668,0.013067084364593029,-6.116060256958008,0.055950217,-0.03907160833477974,0.0002732955035753548,0.07064878,1.3118234,1.5213488
360,7220,-0.08682167530059814,0.007466360926628113,-5.650928974151611,0.013752288,-0.040800128132104874,-0.002395446179434657,0.02061626,1.4293157,1.6485885
361,7240,-0.09735264629125595,0.012157543562352657,-4.850630283355713,0.032750405,-0.049937378615140915,-0.0005347182159312069,0.036923777,1.466151,1.6477857
362,7260,-0.0669284462928772,-0.011337422765791416,-4.539154529571533,0.021534802,-0.03732534870505333,-0.007910661399364471,0.035837863,1.5152175,1.6917249
363,7280,-0.06960564106702805,-0.0009818598628044128,-5.379410266876221,0.033397723,-0.03139455243945122,-0.004412070848047733,0.04786619,1.4136981,1.607819
364,7300,-0.08037728071212769,-0.0032457374036312103,-6.02068567276001,0.06023745,-0.04378494620323181,-0.005328120198100805,0.06226557,2.1603842,2.3338718
365,7320,-0.12000182271003723,0.032886214554309845,-4.2548747062683105,0.05654412,-0.055320609360933304,0.006093820556998253,0.061165944,1.8540556,2.0344121
366,7340,-0.08667630702257156,0.0006083277985453606,-4.7849955558776855,0.035446234,-0.04231630265712738,-0.0043416195549070835,0.039758682,1.7251916,1.906039
367,7360,-0.09069801867008209,0.017137780785560608,-3.9130194187164307,0.07916433,-0.046316009014844894,0.0011353956069797277,0.09015244,1.934802,2.0875957
368,7380,-0.09962701797485352,0.018095195293426514,-6.088830471038818,0.070767425,-0.05308869108557701,0.002601905958727002,0.07437735,1.7394605,1.9331208
369,7400,-0.10268685966730118,-0.002894120290875435,-5.528302192687988,0.046250746,-0.05809205770492554,-0.009367212653160095,0.06775503,1.577236,1.7626272
370,7420,-0.0709807500243187,-0.013167993165552616,-4.987043857574463,0.037579324,-0.041090380400419235,-0.008003885857760906,0.041758128,1.775657,1.970005
371,7440,-0.07473818957805634,0.024527069181203842,-4.934473991394043,0.09695203,-0.02943466790020466,0.004711386747658253,0.10056292,2.9837618,3.113119
372,7460,-0.08071652799844742,0.02733464539051056,-5.883678913116455,0.09525002,-0.027580609545111656,0.0037970684934407473,0.10257528,2.9832013,3.1299145
373,7480,-0.07044738531112671,0.0028361184522509575,-5.292514324188232,0.016382521,-0.036164093762636185,-0.0035220463760197163,0.02624424,1.2583396,1.4475039
374,7500,-0.061898648738861084,0.004104619845747948,-6.447505474090576,0.04453011,-0.030822794884443283,-0.0018429434858262539,0.051591907,1.2841109,1.4625069
375,7520,-0.07004288583993912,-0.005790275521576405,-4.8698954582214355,0.03265481,-0.03718511015176773,-0.0057312482967972755,0.042102937,1.4242882,1.6013815
376,7540,-0.06391829252243042,0.011889971792697906,-5.7149338722229,0.06257713,-0.0338716022670269,0.00032862843363545835,0.067805104,2.1458578,2.3057413
377,7560,-0.10263606905937195,0.02375097945332527,-4.35329532623291,0.041173507,-0.054058752954006195,0.0028069147374480963,0.049148425,1.3601743,1.542254
378,7580,-0.08389700204133987,0.002735382877290249,-6.777767658233643,0.026688999,-0.042393773794174194,-0.003107089549303055,0.038885094,1.2929949,1.4792697
379,7600,-0.07809574902057648,-0.0019891271367669106,-6.836245059967041,0.032892745,-0.044608719646930695,-0.004870223347097635,0.03687619,1.5434784,1.7343069
380,7620,-0.07020571827888489,0.009906476363539696,-5.772112846374512,0.039715376,-0.037430230528116226,-0.0005521380226127803,0.0496572,1.2920283,1.4741728
381,7640,-0.0688726082444191,0.01586177572607994,-6.962467670440674,0.054749794,-0.03284555673599243,0.0013723038136959076,0.061410554,1.5758657,1.7399138
382,7660,-0.08430600166320801,0.005528828129172325,-4.69240665435791,0.049635477,-0.04024432972073555,-0.0033397471997886896,0.05314246,1.7563084,1.947385
383,7680,-0.10315051674842834,0.036187175661325455,-4.694843769073486,0.06234741,-0.05248197913169861,0.008106227964162827,0.065735556,2.402154,2.5603986
384,7700,-0.09294693171977997,0.014678738079965115,-3.6302103996276855,0.07859128,-0.04298682138323784,0.0013106436235830188,0.09094023,2.1286032,2.3037908
385,7720,-0.09621289372444153,0.005392491817474365,-5.164328575134277,0.06547121,-0.03966274484992027,-0.0026341790799051523,0.07176946,1.6594667,1.8187693
386,7740,-0.08696502447128296,0.021832825616002083,-5.359994411468506,0.06301213,-0.05701928213238716,0.0027810472529381514,0.072982214,1.8475642,2.0098836
387,7760,-0.05816823989152908,-0.014002741314470768,-4.826949119567871,0.020904642,-0.029466236010193825,-0.008314101956784725,0.040589098,1.3576149,1.5407361
388,7780,-0.07189156115055084,0.008226645179092884,-4.493317127227783,0.030091127,-0.034604549407958984,-0.0016869456740096211,0.03666752,1.5332161,1.7201227
389,7800,-0.07600162923336029,0.01865401864051819,-5.758249282836914,0.061656043,-0.03490280359983444,0.00301616033539176,0.06525819,1.7769753,1.9486189
390,7820,-0.07290753722190857,-0.0027840370312333107,-4.571774959564209,0.048900552,-0.03978752717375755,-0.004871470388025045,0.053878617,1.6008023,1.7841791
391,7840,-0.1102948933839798,0.03375466912984848,-4.77079439163208,0.057036474,-0.047995273023843765,0.004698256030678749,0.06599043,1.4389205,1.6304904
392,7860,-0.07352156192064285,0.005507214926183224,-5.2247538566589355,0.01921553,-0.043237973004579544,-0.0021402055863291025,0.032030992,1.3166759,1.5029372
393,7880,-0.0634651631116867,0.002789843827486038,-6.30761194229126,0.04843257,-0.043758880347013474,-0.002084205159917474,0.05581241,1.368539,1.5372006
394,7900,-0.0861939936876297,0.013364008627831936,-4.754046440124512,0.03365089,-0.04312606155872345,-0.0007200120599009097,0.041185252,1.3731729,1.5481845
395,7920,-0.07035095989704132,0.0015963083133101463,-5.756215572357178,0.023603974,-0.038281429558992386,-0.003073772182688117,0.03143686,1.55586,1.7328432
396,7940,-0.08633220940828323,0.0219641774892807,-6.365681171417236,0.071592115,-0.043016210198402405,0.002793265972286463,0.0800658,1.3795258,1.5457387
397,7960,-0.10970783233642578,0.0011635860428214073,-5.741248607635498,0.041865587,-0.059324245899915695,-0.0038511117454618216,0.047590356,1.4511752,1.6156887
398,7980,-0.08934643864631653,0.010531021282076836,-4.320854187011719,0.019657513,-0.03799474239349365,-0.0003026805934496224,0.03710876,1.3016739,1.4884896
399,8000,-0.09402569383382797,0.003932518884539604,-4.045243263244629,0.040214114,-0.05247369781136513,-0.002371610142290592,0.04730762,1.8355004,2.007098
400,8020,-0.08979743719100952,0.007517041638493538,-3.8479995727539062,0.014211347,-0.0525285080075264,-0.001973619218915701,0.026259124,1.5899637,1.7540987
401,8040,-0.05934824049472809,0.004177074879407883,-4.3254241943359375,0.018076563,-0.029604217037558556,-0.0023258898872882128,0.027117213,1.3394344,1.523117
402,8060,-0.06030941754579544,-0.0013113515451550484,-5.099325656890869,0.022720095,-0.02829284965991974,-0.0037744140718132257,0.02997405,1.3986663,1.5673903
403,8080,-0.06121210753917694,0.007097999565303326,-2.7134902477264404,0.03266855,-0.032146114856004715,-0.0020202891901135445,0.042923924,1.2220303,1.3903424
404,8100,-0.059899039566516876,0.0038508987054228783,-3.1686851978302,0.019109841,-0.03014003485441208,-0.0032857723999768496,0.028663952,1.4720317,1.6554195
405,8120,-0.08649914711713791,0.03636849671602249,-4.858859539031982,0.08994249,-0.04368646442890167,0.007114216219633818,0.09767579,2.1387665,2.2924778
406,8140,-0.104666568338871,0.08405420184135437,-4.804502487182617,0.15521707,-0.05529247596859932,0.020585453137755394,0.16960938,4.2486906,4.3346868
407,8160,-0.09516054391860962,0.020085742697119713,-4.17586088180542,0.07715037,-0.050080373883247375,0.0024590790271759033,0.08597919,2.191757,2.345617
408,8180,-0.07499593496322632,0.006795123219490051,-3.532745599746704,0.021675915,-0.03642754256725311,-0.0016363407485187054,0.028892532,1.3230438,1.5037619
409,8200,-0.07018537819385529,0.012859280221164227,-4.848603248596191,0.052263975,-0.03239458054304123,0.001218426157720387,0.05878871,2.4914517,2.6298683
410,8220,-0.08146002143621445,-0.006600835360586643,-4.70676326751709,0.013098491,-0.04784732684493065,-0.006228642072528601,0.019996304,1.211171,1.3748904
411,8240,-0.09016288071870804,0.007338861934840679,-5.280334949493408,0.052375022,-0.03942083939909935,-0.0011823232052847743,0.056538474,1.863162,2.040105
412,8260,-0.08514569699764252,-0.0027765613049268723,-4.033940315246582,0.030854942,-0.03830907493829727,-0.005151951219886541,0.03700291,1.4828376,1.6480745
413,8280,-0.06656348705291748,0.006755428854376078,-6.685463905334473,0.035712976,-0.03590479493141174,-0.0002352253213757649,0.04616505,1.3467251,1.5121938
414,8300,-0.0867033451795578,0.009748938493430614,-5.147272109985352,0.013123158,-0.03459871560335159,-0.0014000326627865434,0.021430459,1.6152666,1.7754918
415,8320,-0.08510924130678177,0.017908237874507904,-6.4236741065979,0.044263285,-0.05072472617030144,0.0018530415836721659,0.05375201,1.3054421,1.4689144
416,8340,-0.05045515298843384,0.006744778715074062,-4.447994232177734,0.02368757,-0.028103210031986237,-0.0014161219587549567,0.03452566,1.9408737,2.1040769
417,8360,-0.08809630572795868,0.015340104699134827,-4.35860013961792,0.045699626,-0.04608897119760513,0.000627819390501827,0.050527602,2.1972942,2.3453903
418,8380,-0.1289522647857666,0.03597008436918259,-4.925432205200195,0.019982092,-0.06335720419883728,0.00748754246160388,0.029780874,1.296824,1.4729745
419,8400,-0.09414875507354736,0.005654539912939072,-5.283510208129883,0.041844934,-0.054570503532886505,-0.003987306263297796,0.046722904,1.8798801,2.047114
420,8420,-0.07977406680583954,0.00947729405015707,-4.231605529785156,0.022894358,-0.03556997328996658,-0.001088751945644617,0.028092552,1.5068835,1.6773267
421,8440,-0.05888690799474716,0.0025108028203248978,-5.076696872711182,0.04120525,-0.03130434826016426,-0.003938538022339344,0.04752779,2.2111278,2.3643095
422,8460,-0.08127743005752563,-0.00015176273882389069,-6.431868553161621,0.01074125,-0.03503001108765602,-0.004040430765599012,0.02118022,1.3499079,1.5337688
423,8480,-0.0952567309141159,0.026103513315320015,-6.581252098083496,0.05128138,-0.042338356375694275,0.001280138618312776,0.054150347,1.7818683,1.9565811
424,8500,-0.09201592952013016,0.015336016193032265,-4.936155796051025,0.041529685,-0.05214258283376694,0.0009736638749018312,0.050262816,1.5923944,1.7364371
425,8520,-0.06596959382295609,0.013173098675906658,-5.033857345581055,0.041372053,-0.040397077798843384,0.0011544510489329696,0.04845085,1.7179193,1.8977753
426,8540,-0.07986439019441605,0.004411746747791767,-5.41370964050293,0.047547266,-0.043494489043951035,-0.0027086089830845594,0.05648273,1.9194876,2.0820284
427,8560,-0.07807464897632599,0.006629434414207935,-6.684413909912109,0.01147291,-0.042043495923280716,-0.0021148393861949444,0.020857358,1.6223633,1.779798
428,8580,-0.09197098016738892,0.009049855172634125,-4.1055006980896,0.015033372,-0.039823468774557114,-0.0016699364641681314,0.03190454,1.5743371,1.7341686
429,8600,-0.09982134401798248,0.015879493206739426,-4.95265531539917,0.05735706,-0.04729998856782913,0.001145504997111857,0.061520733,1.9310467,2.0825756
430,8620,-0.06588923931121826,0.0006231674924492836,-4.453638076782227,0.013400972,-0.03882395848631859,-0.003957877866923809,0.021596298,1.1596643,1.3170023
431,8640,-0.07335581630468369,0.012056468054652214,-5.251790523529053,0.047100656,-0.040982961654663086,0.0005495242075994611,0.050757878,1.4739941,1.6538278
432,8660,-0.06591936200857162,-0.007937418296933174,-6.215646266937256,0.022689342,-0.0305141843855381,-0.006001760251820087,0.031660173,1.5724543,1.7295038
433,8680,-0.07002740353345871,0.0009905248880386353,-4.041378974914551,0.023014186,-0.02907993085682392,-0.00360083463601768,0.032639176,1.5996482,1.7699673
434,8700,-0.08912423253059387,0.008094944059848785,-3.634148120880127,0.046219822,-0.04571620374917984,-0.0009678376954980195,0.065469116,1.5947188,1.7473427
435,8720,-0.09246806800365448,0.028671862557530403,-5.383377552032471,0.08648671,-0.04681839048862457,0.00634630024433136,0.0918042,2.7513354,2.8753812
436,8740,-0.1015508696436882,0.012966898269951344,-5.69007682800293,0.032289844,-0.05627019703388214,-3.255507908761501e-05,0.040570073,1.5352727,1.6932064
437,8760,-0.1137254387140274,0.029358532279729843,-5.963795185089111,0.07540966,-0.05274521932005882,0.004858359228819609,0.08017091,2.270556,2.4122725
438,8780,-0.09438548982143402,0.009821183979511261,-5.057788372039795,0.025510425,-0.030405722558498383,-0.0011779168853536248,0.037090983,1.5065593,1.6756111
439,8800,-0.06658104807138443,0.0022715358063578606,-5.000446796417236,0.025377462,-0.03086847998201847,-0.0025681685656309128,0.033243373,1.3441647,1.5082179
440,8820,-0.0908045545220375,0.009215046651661396,-2.781456232070923,0.0207817,-0.04219692572951317,-0.001764156622812152,0.034581043,1.5543143,1.7129025
441,8840,-0.07094864547252655,0.009750491939485073,-3.3054518699645996,0.019419149,-0.04441990703344345,-0.0011392690939828753,0.025548803,1.4772797,1.6431705
442,8860,-0.08605165034532547,0.02225557714700699,-5.342507362365723,0.049363155,-0.04670912027359009,0.0032462223898619413,0.05405319,1.6858199,1.8651923
443,8880,-0.0772775188088417,0.010882926173508167,-5.138221740722656,0.029728206,-0.046547405421733856,0.00030714631429873407,0.0343227,1.4499894,1.6086938
444,8900,-0.06896963715553284,0.013361932709813118,-5.355323791503906,0.04426384,-0.03567880392074585,0.0001835206348914653,0.051095504,2.1733859,2.3259397
445,8920,-0.09900010377168655,0.006232213228940964,-3.517090320587158,0.026721017,-0.049777861684560776,-0.0037584565579891205,0.038091376,1.4190266,1.5960563
446,8940,-0.05972297117114067,0.0051236944273114204,-5.0216193199157715,0.014321799,-0.025656666606664658,-0.002116785617545247,0.022587763,1.2003663,1.3644083
447,8960,-0.06721175462007523,0.0037563620135188103,-4.618068218231201,0.016505774,-0.033290911465883255,-0.0029266756027936935,0.026920544,1.2908428,1.461396
448,8980,-0.09270788729190826,0.027313873171806335,-6.283233642578125,0.06473305,-0.052600469440221786,0.005082038231194019,0.0736007,2.033642,2.1857138
449,9000,-0.08782905340194702,0.012777489610016346,-5.349345684051514,0.028994855,-0.043129462748765945,-0.0002577703562565148,0.040402837,1.1965587,1.3746529
450,9020,-0.07748161256313324,0.011438582092523575,-5.197684288024902,0.074298725,-0.04289296269416809,0.00027417068486101925,0.07646487,2.7683425,2.8842106
451,9040,-0.06613510102033615,0.014316166751086712,-3.5590157508850098,0.04955283,-0.03294619545340538,0.0014403144596144557,0.05271891,2.0008135,2.1527169
452,9060,-0.05973218381404877,0.0008890805765986443,-4.097551345825195,0.02853535,-0.03245753422379494,-0.00319500220939517,0.037423138,1.6708307,1.8419905
453,9080,-0.08247498422861099,0.011722811497747898,-5.234997272491455,0.030636653,-0.04242192581295967,-0.00011928912135772407,0.03821335,1.3077005,1.4744787
454,9100,-0.07463930547237396,0.0010838629677891731,-6.004115581512451,0.015354897,-0.03890002518892288,-0.0032895870972424746,0.02980148,1.3338401,1.5151505
455,9120,-0.09149419516324997,0.013925939798355103,-5.189850807189941,0.020067945,-0.04387473315000534,3.397069303900935e-05,0.026899498,1.4824288,1.6491505
456,9140,-0.08329497277736664,0.011489175260066986,-4.952750205993652,0.049454104,-0.044565219432115555,-0.0013370792148634791,0.056348443,2.7257972,2.847955
457,9160,-0.05363386496901512,0.003732512705028057,-4.643465518951416,0.027779507,-0.03256810083985329,-0.0016546726692467928,0.038039513,1.716496,1.8859162
458,9180,-0.07626653462648392,0.0055930716916918755,-5.540225028991699,0.0135608055,-0.03108597919344902,-0.002398008480668068,0.022124084,1.2497164,1.4243927
459,9200,-0.09495824575424194,0.01593569666147232,-4.67307710647583,0.05331331,-0.04271826148033142,0.0014030180172994733,0.0661691,1.4034321,1.547401
460,9220,-0.05426231026649475,-0.003945063799619675,-2.6058969497680664,0.013690058,-0.024996763095259666,-0.00573438685387373,0.022136683,1.1486696,1.3223021
461,9240,-0.08318543434143066,0.015519202686846256,-4.309546947479248,0.061790258,-0.04875621199607849,0.002149695297703147,0.0643418,1.6713377,1.8441494
462,9260,-0.052516765892505646,-0.0006199600175023079,-4.167784214019775,0.02420137,-0.026461107656359673,-0.0050041694194078445,0.031516954,1.237991,1.4048676
463,9280,-0.06081664189696312,0.017994042485952377,-3.4441118240356445,0.06834778,-0.02935737371444702,0.0024421531707048416,0.074791156,1.755144,1.9216797
464,9300,-0.09361786395311356,0.016328301280736923,-4.001658916473389,0.022404848,-0.04560836777091026,0.001164885237812996,0.03003849,1.4458538,1.6023564
465,9320,-0.07212987542152405,0.007595760747790337,-4.682223796844482,0.066230774,-0.04013889655470848,-0.0008387482375837862,0.07133294,1.5591868,1.7242616
466,9340,-0.10113874822854996,0.0360468327999115,-5.897724628448486,0.046482164,-0.05523198843002319,0.006521070376038551,0.057625733,1.4139161,1.5615239
467,9360,-0.08167674392461777,0.016391124576330185,-5.002493381500244,0.013298691,-0.03792253136634827,0.0008647625800222158,0.022938956,1.1849897,1.3484468
468,9380,-0.0756714791059494,0.005505209323018789,-6.293825626373291,0.05106025,-0.04039982333779335,-0.0008399402140639722,0.06175012,1.2028292,1.360502
469,9400,-0.07442034035921097,0.010371256619691849,-4.07357120513916,0.034017086,-0.03920746594667435,-0.0006400389247573912,0.039134864,1.4699358,1.6515259
470,9420,-0.06658664345741272,0.013903153128921986,-4.86422061920166,0.062385358,-0.04209374636411667,0.0004905258538201451,0.067764096,1.6492485,1.8130325
471,9440,-0.07333600521087646,0.0033946577459573746,-5.670688152313232,0.031326286,-0.03717239573597908,-0.002691342495381832,0.03540861,1.314475,1.4914612
472,9460,-0.0835849940776825,0.009347386658191681,-4.530882358551025,0.022552688,-0.04243813082575798,-0.0014188048662617803,0.028945819,1.2431113,1.4065394
473,9480,-0.09407304227352142,0.02347720041871071,-4.078725814819336,0.02191819,-0.05135258659720421,0.002640736987814307,0.039672557,1.4305936,1.604152
474,9500,-0.08155708760023117,0.021010929718613625,-6.297250747680664,0.051486447,-0.05375155061483383,0.0028100786730647087,0.057089813,2.1154199,2.2778234
475,9520,-0.07754828035831451,0.013426053337752819,-6.303571701049805,0.03910947,-0.041510194540023804,0.0007723934249952435,0.045425195,1.3299172,1.4897814
476,9540,-0.07229027152061462,0.01769925095140934,-5.763240814208984,0.060282256,-0.0451921746134758,0.002258955268189311,0.06557483,2.065427,2.2198343
477,9560,-0.07139316201210022,0.009161173366010189,-6.6302103996276855,0.045205213,-0.043224819004535675,1.8368169548921287e-05,0.057922017,1.2491276,1.4109732
478,9580,-0.0748387798666954,-0.0034768041223287582,-3.6197187900543213,0.035499144,-0.029358698055148125,-0.005132119636982679,0.047074802,1.402144,1.5596994
479,9600,-0.06317406892776489,0.009196923114359379,-6.650683403015137,0.024907578,-0.03611508011817932,-0.0003311023465357721,0.03144149,1.3999846,1.5646379
480,9620,-0.09833036363124847,-0.014450312592089176,-6.353194236755371,0.07337007,-0.04680425673723221,-0.007387146819382906,0.08241089,1.4602349,1.6281128
481,9640,-0.08408111333847046,0.014192955568432808,-6.723929405212402,0.030284284,-0.041940897703170776,0.0013453626306727529,0.038057934,1.5672848,1.7213064
482,9660,-0.06048114225268364,0.0022697998210787773,-5.448929786682129,0.018710462,-0.032071031630039215,-0.00317652290686965,0.030777821,1.7064556,1.8661885
483,9680,-0.08368297666311264,0.016694366931915283,-4.657825946807861,0.022815274,-0.04737241193652153,0.0005663494812324643,0.031972766,1.6571692,1.831968
484,9700,-0.09216167032718658,0.013253583572804928,-5.096832752227783,0.040342946,-0.045437686145305634,0.000586503476370126,0.05623085,1.518425,1.6871713
485,9720,-0.060294926166534424,0.009044710546731949,-4.3171892166137695,0.036032036,-0.03577582165598869,-0.0009446368785575032,0.044297423,1.4146441,1.5659508
486,9740,-0.07491600513458252,0.029087591916322708,-3.300415515899658,0.061351612,-0.040732491761446,0.0038478290662169456,0.06769492,2.2350051,2.3885736
487,9760,-0.08934210240840912,0.02222166210412979,-4.527687072753906,0.038117677,-0.04643739387392998,0.002847743919119239,0.047039345,2.2665796,2.4013462
488,9780,-0.08394142985343933,0.024694528430700302,-5.747761249542236,0.05109344,-0.03306864574551582,0.00238690129481256,0.05681991,1.6539445,1.8176286
489,9800,-0.10016026347875595,0.014104200527071953,-4.212724208831787,0.031010032,-0.049433350563049316,-0.0015714761102572083,0.040301207,2.0352979,2.186829
490,9820,-0.0686170682311058,0.008102350868284702,-4.6587724685668945,0.03525553,-0.032811250537633896,-0.0009684010874480009,0.040548027,1.5553296,1.7190684
491,9840,-0.0747995525598526,0.01006232388317585,-4.362336158752441,0.022199387,-0.04074126482009888,-0.00036482015275396407,0.027534826,1.3688205,1.5244766
492,9860,-0.0677962675690651,0.017216425389051437,-5.089317321777344,0.034713887,-0.030943216755986214,0.001111446414142847,0.039046966,1.6367189,1.787876
493,9880,-0.09450126439332962,0.011774452403187752,-4.542200088500977,0.06654994,-0.044307414442300797,-0.0021790526807308197,0.07129185,2.7194161,2.8435035
494,9900,-0.07206397503614426,0.018719863146543503,-4.59739875793457,0.026304204,-0.04175220802426338,0.002021520398557186,0.0339148,1.5024182,1.6577319
495,9920,-0.07079518586397171,0.0028828829526901245,-5.855576515197754,0.04455173,-0.0387234129011631,-0.00332634593360126,0.048344184,1.4323262,1.5784568
496,9940,-0.0691724568605423,0.013381917960941792,-4.939242839813232,0.017673654,-0.042472727596759796,0.0008304722141474485,0.02623129,1.4992679,1.6536463
497,9960,-0.057349663227796555,0.0012476211413741112,-4.138729572296143,0.027028382,-0.03343500196933746,-0.003659798763692379,0.034414023,1.4337318,1.6009386
498,9980,-0.06742659956216812,0.02628740295767784,-5.409369945526123,0.06504118,-0.03325478360056877,0.004596587270498276,0.06776185,1.6388881,1.803432
499,10000,-0.0644185021519661,0.01875247061252594,-4.8116936683654785,0.011531291,-0.04217439889907837,0.0015722119715064764,0.024719778,1.2178891,1.3816212
